,airline,departure,departureLat,departureLong,destination,destinationLat,destinationLong,layover,layoverLat,layoverLong,price,stops,travelTime
0,American Airlines,CHS,32.885193,-80.03694,CLT,35.220448,-80.94377,DCA,38.853664,-77.0426,240,1,10.88
1,American Airlines,CHS,32.885193,-80.03694,CLT,35.220448,-80.94377,LGA,40.77289,-73.868805,264,1,7.28
2,United,CHS,32.885193,-80.03694,CLT,35.220448,-80.94377,IAD,38.95216,-77.44883,264,1,3.7199999999999998
3,United,CHS,32.885193,-80.03694,CLT,35.220448,-80.94377,ORD,41.97707,-87.901184,287,1,7.77
4,United,CHS,32.885193,-80.03694,CLT,35.220448,-80.94377,ORD,41.97707,-87.901184,287,1,7.9
5,Delta,CHS,32.885193,-80.03694,CLT,35.220448,-80.94377,JFK,40.645123,-73.78461,296,1,6.08
6,Delta,CHS,32.885193,-80.03694,CLT,35.220448,-80.94377,JFK,40.645123,-73.78461,302,1,6.77
7,Delta,CHS,32.885193,-80.03694,CLT,35.220448,-80.94377,JFK,40.645123,-73.78461,302,1,10.43
8,Delta,CHS,32.885193,-80.03694,CLT,35.220448,-80.94377,ATL,33.640545,-84.43341,311,1,3.32
9,Delta,CHS,32.885193,-80.03694,CLT,35.220448,-80.94377,ATL,33.640545,-84.43341,311,1,3.43
10,Delta,CHS,32.885193,-80.03694,CLT,35.220448,-80.94377,ATL,33.640545,-84.43341,311,1,3.5
11,Delta,CHS,32.885193,-80.03694,CLT,35.220448,-80.94377,ATL,33.640545,-84.43341,311,1,3.8
12,Delta,CHS,32.885193,-80.03694,CLT,35.220448,-80.94377,ATL,33.640545,-84.43341,311,1,3.87
13,Delta,CHS,32.885193,-80.03694,CLT,35.220448,-80.94377,ATL,33.640545,-84.43341,311,1,4.77
14,Delta,CHS,32.885193,-80.03694,CLT,35.220448,-80.94377,ATL,33.640545,-84.43341,311,1,4.8
15,Delta,CHS,32.885193,-80.03694,CLT,35.220448,-80.94377,ATL,33.640545,-84.43341,311,1,4.87
16,Delta,CHS,32.885193,-80.03694,CLT,35.220448,-80.94377,ATL,33.640545,-84.43341,311,1,5.33
17,Delta,CHS,32.885193,-80.03694,CLT,35.220448,-80.94377,ATL,33.640545,-84.43341,311,1,5.8
18,Delta,CHS,32.885193,-80.03694,CLT,35.220448,-80.94377,ATL,33.640545,-84.43341,311,1,5.87
19,Delta,CHS,32.885193,-80.03694,CLT,35.220448,-80.94377,ATL,33.640545,-84.43341,311,1,6.33
20,Delta,CHS,32.885193,-80.03694,CLT,35.220448,-80.94377,ATL,33.640545,-84.43341,317,1,6.83
21,Delta,CHS,32.885193,-80.03694,CLT,35.220448,-80.94377,ATL,33.640545,-84.43341,317,1,6.87
22,Delta,CHS,32.885193,-80.03694,CLT,35.220448,-80.94377,ATL,33.640545,-84.43341,317,1,7.83
23,American Airlines,CHS,32.885193,-80.03694,CLT,35.220448,-80.94377,DCA,38.853664,-77.0426,319,1,4.67
24,American Airlines,CHS,32.885193,-80.03694,CLT,35.220448,-80.94377,ORD,41.97707,-87.901184,322,1,6.57
25,United,CHS,32.885193,-80.03694,CLT,35.220448,-80.94377,ORD,41.97707,-87.901184,322,1,8.18
26,American Airlines,CHS,32.885193,-80.03694,CLT,35.220448,-80.94377,MIA,25.795565,-80.27813,329,1,6.97
27,American Airlines,CHS,32.885193,-80.03694,CLT,35.220448,-80.94377,MIA,25.795565,-80.27813,334,1,8.9
28,JetBlue Airways,CHS,32.885193,-80.03694,CLT,35.220448,-80.94377,JFK,40.645123,-73.78461,346,1,9.98
29,American Airlines,CHS,32.885193,-80.03694,CLT,35.220448,-80.94377,MIA,25.795565,-80.27813,368,1,5.28
30,United,CHS,32.885193,-80.03694,CLT,35.220448,-80.94377,EWR,40.69297,-74.17799,371,1,8.28
31,Delta,CHS,32.885193,-80.03694,CLT,35.220448,-80.94377,ATL,33.640545,-84.43341,372,1,3.73
32,Delta,CHS,32.885193,-80.03694,CLT,35.220448,-80.94377,ATL,33.640545,-84.43341,372,1,5.23
33,United,CHS,32.885193,-80.03694,CLT,35.220448,-80.94377,IAD,38.95216,-77.44883,373,1,3.83
34,Delta,CHS,32.885193,-80.03694,CLT,35.220448,-80.94377,ATL,33.640545,-84.43341,373,1,5.98
35,JetBlue Airways,CHS,32.885193,-80.03694,CLT,35.220448,-80.94377,BOS,42.36514,-71.01889,379,1,6.82
36,JetBlue Airways,CHS,32.885193,-80.03694,CLT,35.220448,-80.94377,BOS,42.36514,-71.01889,379,1,8.12
37,Delta,CHS,32.885193,-80.03694,CLT,35.220448,-80.94377,JFK,40.645123,-73.78461,385,1,5.68
38,Delta,CHS,32.885193,-80.03694,CLT,35.220448,-80.94377,LGA,40.77289,-73.868805,387,1,5.82
39,Delta,CHS,32.885193,-80.03694,CLT,35.220448,-80.94377,LGA,40.77289,-73.868805,387,1,7.82
40,American Airlines,CHS,32.885193,-80.03694,CLT,35.220448,-80.94377,MIA,25.795565,-80.27813,388,1,4.92
41,Delta,CHS,32.885193,-80.03694,CLT,35.220448,-80.94377,LGA,40.77289,-73.868805,392,1,9.78
42,United,CHS,32.885193,-80.03694,CLT,35.220448,-80.94377,IAD,38.95216,-77.44883,397,1,3.58
43,United,CHS,32.885193,-80.03694,CLT,35.220448,-80.94377,IAD,38.95216,-77.44883,397,1,4.45
44,American Airlines,CHS,32.885193,-80.03694,CLT,35.220448,-80.94377,ZZZ,40,-100,400,0,1.07
45,American Airlines,CHS,32.885193,-80.03694,CLT,35.220448,-80.94377,ZZZ,40,-100,400,0,1.13
46,American Airlines,CHS,32.885193,-80.03694,CLT,35.220448,-80.94377,ZZZ,40,-100,400,0,1.2
47,American Airlines,CHS,32.885193,-80.03694,CLT,35.220448,-80.94377,ZZZ,40,-100,400,0,1.2
48,American Airlines,CHS,32.885193,-80.03694,CLT,35.220448,-80.94377,ZZZ,40,-100,400,0,1.25
49,American Airlines,CHS,32.885193,-80.03694,CLT,35.220448,-80.94377,ZZZ,40,-100,400,0,1.27
50,American Airlines,CHS,32.885193,-80.03694,CLT,35.220448,-80.94377,ZZZ,40,-100,400,0,1.32
51,American Airlines,CHS,32.885193,-80.03694,CLT,35.220448,-80.94377,ZZZ,40,-100,400,0,1.32
52,American Airlines,CHS,32.885193,-80.03694,CLT,35.220448,-80.94377,ZZZ,40,-100,400,0,1.38
53,American Airlines,CHS,32.885193,-80.03694,CLT,35.220448,-80.94377,DCA,38.853664,-77.0426,400,1,8.2
54,Delta,CHS,32.885193,-80.03694,CLT,35.220448,-80.94377,ATL,33.640545,-84.43341,415,1,4.17
55,Delta,CHS,32.885193,-80.03694,CLT,35.220448,-80.94377,ATL,33.640545,-84.43341,434,1,3.55
56,Delta,CHS,32.885193,-80.03694,CLT,35.220448,-80.94377,ATL,33.640545,-84.43341,439,1,6.83
57,United,CHS,32.885193,-80.03694,ORD,41.97707,-87.901184,ZZZ,40,-100,144,0,2.38
58,United,CHS,32.885193,-80.03694,ORD,41.97707,-87.901184,ZZZ,40,-100,144,0,2.4
59,United,CHS,32.885193,-80.03694,ORD,41.97707,-87.901184,IAD,38.95216,-77.44883,152,1,4.25
60,United,CHS,32.885193,-80.03694,ORD,41.97707,-87.901184,ZZZ,40,-100,179,0,2.38
61,American Airlines,CHS,32.885193,-80.03694,ORD,41.97707,-87.901184,ZZZ,40,-100,179,0,2.4
62,American Airlines,CHS,32.885193,-80.03694,ORD,41.97707,-87.901184,CLT,35.220448,-80.94377,186,1,4.62
63,American Airlines,CHS,32.885193,-80.03694,ORD,41.97707,-87.901184,CLT,35.220448,-80.94377,186,1,5.15
64,American Airlines,CHS,32.885193,-80.03694,ORD,41.97707,-87.901184,CLT,35.220448,-80.94377,186,1,6.85
65,American Airlines,CHS,32.885193,-80.03694,ORD,41.97707,-87.901184,PHL,39.87616,-75.242836,187,1,5.83
66,American Airlines,CHS,32.885193,-80.03694,ORD,41.97707,-87.901184,PHL,39.87616,-75.242836,187,1,7.97
67,Delta,CHS,32.885193,-80.03694,ORD,41.97707,-87.901184,ATL,33.640545,-84.43341,213,1,4.23
68,Delta,CHS,32.885193,-80.03694,ORD,41.97707,-87.901184,ATL,33.640545,-84.43341,213,1,5.92
69,Delta,CHS,32.885193,-80.03694,ORD,41.97707,-87.901184,ATL,33.640545,-84.43341,213,1,7.13
70,American Airlines,CHS,32.885193,-80.03694,ORD,41.97707,-87.901184,CLT,35.220448,-80.94377,223,1,6.35
71,Delta,CHS,32.885193,-80.03694,ORD,41.97707,-87.901184,ATL,33.640545,-84.43341,258,1,4.42
72,Delta,CHS,32.885193,-80.03694,ORD,41.97707,-87.901184,ATL,33.640545,-84.43341,258,1,5.45
73,Delta,CHS,32.885193,-80.03694,ORD,41.97707,-87.901184,ATL,33.640545,-84.43341,258,1,5.67
74,Delta,CHS,32.885193,-80.03694,ORD,41.97707,-87.901184,ATL,33.640545,-84.43341,258,1,6.85
75,Delta,CHS,32.885193,-80.03694,ORD,41.97707,-87.901184,ATL,33.640545,-84.43341,258,1,7.63
76,American Airlines,CHS,32.885193,-80.03694,ORD,41.97707,-87.901184,CLT,35.220448,-80.94377,287,1,4.3
77,American Airlines,CHS,32.885193,-80.03694,ORD,41.97707,-87.901184,CLT,35.220448,-80.94377,287,1,4.52
78,American Airlines,CHS,32.885193,-80.03694,ORD,41.97707,-87.901184,CLT,35.220448,-80.94377,287,1,5.92
79,American Airlines,CHS,32.885193,-80.03694,ORD,41.97707,-87.901184,PHL,39.87616,-75.242836,288,1,6.3
80,American Airlines,CHS,32.885193,-80.03694,ORD,41.97707,-87.901184,DFW,32.899193,-97.04005,288,1,8.52
81,American Airlines,CHS,32.885193,-80.03694,ORD,41.97707,-87.901184,DFW,32.899193,-97.04005,288,1,9.13
82,Delta,CHS,32.885193,-80.03694,ORD,41.97707,-87.901184,ATL,33.640545,-84.43341,302,1,5.25
83,American Airlines,CHS,32.885193,-80.03694,ORD,41.97707,-87.901184,DFW,32.899193,-97.04005,339,1,7.92
84,JetBlue Airways,CHS,32.885193,-80.03694,ORD,41.97707,-87.901184,JFK,40.645123,-73.78461,346,1,9.08
85,American Airlines,CHS,32.885193,-80.03694,ORD,41.97707,-87.901184,CLT,35.220448,-80.94377,357,1,4.15
86,American Airlines,CHS,32.885193,-80.03694,ORD,41.97707,-87.901184,CLT,35.220448,-80.94377,357,1,4.38
87,American Airlines,CHS,32.885193,-80.03694,ORD,41.97707,-87.901184,CLT,35.220448,-80.94377,357,1,4.47
88,American Airlines,CHS,32.885193,-80.03694,ORD,41.97707,-87.901184,CLT,35.220448,-80.94377,357,1,5.38
89,American Airlines,CHS,32.885193,-80.03694,ORD,41.97707,-87.901184,CLT,35.220448,-80.94377,357,1,5.87
90,American Airlines,CHS,32.885193,-80.03694,ORD,41.97707,-87.901184,CLT,35.220448,-80.94377,357,1,5.88
91,JetBlue Airways,CHS,32.885193,-80.03694,ORD,41.97707,-87.901184,BOS,42.36514,-71.01889,358,1,6.67
92,JetBlue Airways,CHS,32.885193,-80.03694,ORD,41.97707,-87.901184,BOS,42.36514,-71.01889,358,1,7.97
93,American Airlines,CHS,32.885193,-80.03694,ORD,41.97707,-87.901184,PHL,39.87616,-75.242836,358,1,6.32
94,American Airlines,CHS,32.885193,-80.03694,ORD,41.97707,-87.901184,PHL,39.87616,-75.242836,358,1,7.83
95,Delta,CHS,32.885193,-80.03694,ORD,41.97707,-87.901184,ATL,33.640545,-84.43341,385,1,3.98
96,Delta,CHS,32.885193,-80.03694,ORD,41.97707,-87.901184,ATL,33.640545,-84.43341,385,1,4.02
97,Delta,CHS,32.885193,-80.03694,ORD,41.97707,-87.901184,ATL,33.640545,-84.43341,385,1,4.5
98,Delta,CHS,32.885193,-80.03694,ORD,41.97707,-87.901184,ATL,33.640545,-84.43341,385,1,4.88
99,Delta,CHS,32.885193,-80.03694,ORD,41.97707,-87.901184,ATL,33.640545,-84.43341,385,1,5.82
100,Delta,CHS,32.885193,-80.03694,ORD,41.97707,-87.901184,ATL,33.640545,-84.43341,385,1,7.05
101,JetBlue Airways,CHS,32.885193,-80.03694,ORD,41.97707,-87.901184,BOS,42.36514,-71.01889,457,1,7.2
102,Delta,CHS,32.885193,-80.03694,ORD,41.97707,-87.901184,DTW,42.20911,-83.356346,465,1,4.28
103,Delta,CHS,32.885193,-80.03694,ORD,41.97707,-87.901184,JFK,40.645123,-73.78461,465,1,5.68
104,Delta,CHS,32.885193,-80.03694,PHX,33.435184,-112.00506,ATL,33.640545,-84.43341,229,1,6.35
105,Delta,CHS,32.885193,-80.03694,PHX,33.435184,-112.00506,ATL,33.640545,-84.43341,229,1,6.57
106,Delta,CHS,32.885193,-80.03694,PHX,33.435184,-112.00506,ATL,33.640545,-84.43341,229,1,6.73
107,Delta,CHS,32.885193,-80.03694,PHX,33.435184,-112.00506,ATL,33.640545,-84.43341,229,1,7.22
108,Delta,CHS,32.885193,-80.03694,PHX,33.435184,-112.00506,ATL,33.640545,-84.43341,229,1,7.6
109,Delta,CHS,32.885193,-80.03694,PHX,33.435184,-112.00506,ATL,33.640545,-84.43341,229,1,8.43
110,Delta,CHS,32.885193,-80.03694,PHX,33.435184,-112.00506,JFK,40.645123,-73.78461,229,1,8.6
111,Delta,CHS,32.885193,-80.03694,PHX,33.435184,-112.00506,ATL,33.640545,-84.43341,229,1,8.83
112,American Airlines,CHS,32.885193,-80.03694,PHX,33.435184,-112.00506,CLT,35.220448,-80.94377,290,1,8.47
113,United,CHS,32.885193,-80.03694,PHX,33.435184,-112.00506,ORD,41.97707,-87.901184,291,1,7.92
114,United,CHS,32.885193,-80.03694,PHX,33.435184,-112.00506,IAH,29.9872,-95.34774,291,1,8.68
115,Frontier Airlines,CHS,32.885193,-80.03694,PHX,33.435184,-112.00506,DEN,39.84973,-104.67398,312,1,7.0
116,United,CHS,32.885193,-80.03694,PHX,33.435184,-112.00506,IAH,29.9872,-95.34774,317,1,8.97
117,Delta,CHS,32.885193,-80.03694,PHX,33.435184,-112.00506,ATL,33.640545,-84.43341,319,1,6.52
118,Delta,CHS,32.885193,-80.03694,PHX,33.435184,-112.00506,ATL,33.640545,-84.43341,319,1,6.6
119,Delta,CHS,32.885193,-80.03694,PHX,33.435184,-112.00506,ATL,33.640545,-84.43341,319,1,7.52
120,Delta,CHS,32.885193,-80.03694,PHX,33.435184,-112.00506,ATL,33.640545,-84.43341,319,1,8.28
121,Delta,CHS,32.885193,-80.03694,PHX,33.435184,-112.00506,ATL,33.640545,-84.43341,319,1,8.52
122,Delta,CHS,32.885193,-80.03694,PHX,33.435184,-112.00506,DTW,42.20911,-83.356346,319,1,9.37
123,American Airlines,CHS,32.885193,-80.03694,PHX,33.435184,-112.00506,CLT,35.220448,-80.94377,331,1,6.63
124,JetBlue Airways,CHS,32.885193,-80.03694,PHX,33.435184,-112.00506,JFK,40.645123,-73.78461,342,1,14.77
125,JetBlue Airways,CHS,32.885193,-80.03694,PHX,33.435184,-112.00506,BOS,42.36514,-71.01889,366,1,8.97
126,JetBlue Airways,CHS,32.885193,-80.03694,PHX,33.435184,-112.00506,BOS,42.36514,-71.01889,366,1,10.27
127,American Airlines,CHS,32.885193,-80.03694,PHX,33.435184,-112.00506,DFW,32.899193,-97.04005,394,1,7.35
128,American Airlines,CHS,32.885193,-80.03694,PHX,33.435184,-112.00506,DFW,32.899193,-97.04005,394,1,8.47
129,American Airlines,CHS,32.885193,-80.03694,PHX,33.435184,-112.00506,CLT,35.220448,-80.94377,418,1,6.35
130,American Airlines,CHS,32.885193,-80.03694,PHX,33.435184,-112.00506,CLT,35.220448,-80.94377,418,1,6.75
131,American Airlines,CHS,32.885193,-80.03694,PHX,33.435184,-112.00506,CLT,35.220448,-80.94377,418,1,7.85
132,American Airlines,CHS,32.885193,-80.03694,PHX,33.435184,-112.00506,CLT,35.220448,-80.94377,418,1,7.93
133,American Airlines,CHS,32.885193,-80.03694,PHX,33.435184,-112.00506,CLT,35.220448,-80.94377,418,1,8.7
134,United,CHS,32.885193,-80.03694,PHX,33.435184,-112.00506,IAH,29.9872,-95.34774,419,1,6.47
135,United,CHS,32.885193,-80.03694,PHX,33.435184,-112.00506,IAH,29.9872,-95.34774,419,1,6.65
136,United,CHS,32.885193,-80.03694,PHX,33.435184,-112.00506,ORD,41.97707,-87.901184,419,1,7.7
137,United,CHS,32.885193,-80.03694,PHX,33.435184,-112.00506,ORD,41.97707,-87.901184,419,1,7.83
138,American Airlines,CHS,32.885193,-80.03694,PHX,33.435184,-112.00506,DFW,32.899193,-97.04005,419,1,9.27
139,United,CHS,32.885193,-80.03694,PHX,33.435184,-112.00506,IAD,38.95216,-77.44883,459,1,7.93
140,Alaska Airlines,CHS,32.885193,-80.03694,PHX,33.435184,-112.00506,SEA,47.44359,-122.302505,582,1,10.5
141,American Airlines,CHS,32.885193,-80.03694,PHX,33.435184,-112.00506,CLT,35.220448,-80.94377,"1,077",1,6.73
142,American Airlines,CHS,32.885193,-80.03694,PHX,33.435184,-112.00506,CLT,35.220448,-80.94377,"1,077",1,8.25
143,American Airlines,CHS,32.885193,-80.03694,PHX,33.435184,-112.00506,CLT,35.220448,-80.94377,"1,077",1,9.88
144,Frontier Airlines,CHS,32.885193,-80.03694,DEN,39.84973,-104.67398,ZZZ,40,-100,179,0,3.7
145,American Airlines,CHS,32.885193,-80.03694,DEN,39.84973,-104.67398,CLT,35.220448,-80.94377,223,1,5.7
146,American Airlines,CHS,32.885193,-80.03694,DEN,39.84973,-104.67398,CLT,35.220448,-80.94377,223,1,6.5
147,American Airlines,CHS,32.885193,-80.03694,DEN,39.84973,-104.67398,CLT,35.220448,-80.94377,223,1,8.2
148,Delta,CHS,32.885193,-80.03694,DEN,39.84973,-104.67398,ATL,33.640545,-84.43341,239,1,6.48
149,Delta,CHS,32.885193,-80.03694,DEN,39.84973,-104.67398,ATL,33.640545,-84.43341,239,1,7.38
150,Delta,CHS,32.885193,-80.03694,DEN,39.84973,-104.67398,ATL,33.640545,-84.43341,239,1,7.48
151,Delta,CHS,32.885193,-80.03694,DEN,39.84973,-104.67398,ATL,33.640545,-84.43341,239,1,7.58
152,Delta,CHS,32.885193,-80.03694,DEN,39.84973,-104.67398,ATL,33.640545,-84.43341,239,1,8.07
153,United,CHS,32.885193,-80.03694,DEN,39.84973,-104.67398,ORD,41.97707,-87.901184,264,1,8.72
154,American Airlines,CHS,32.885193,-80.03694,DEN,39.84973,-104.67398,CLT,35.220448,-80.94377,288,1,6.0
155,American Airlines,CHS,32.885193,-80.03694,DEN,39.84973,-104.67398,CLT,35.220448,-80.94377,288,1,6.83
156,American Airlines,CHS,32.885193,-80.03694,DEN,39.84973,-104.67398,CLT,35.220448,-80.94377,288,1,7.6
157,United,CHS,32.885193,-80.03694,DEN,39.84973,-104.67398,IAH,29.9872,-95.34774,307,1,6.08
158,Delta,CHS,32.885193,-80.03694,DEN,39.84973,-104.67398,ATL,33.640545,-84.43341,307,1,6.38
159,Delta,CHS,32.885193,-80.03694,DEN,39.84973,-104.67398,ATL,33.640545,-84.43341,307,1,6.43
160,United,CHS,32.885193,-80.03694,DEN,39.84973,-104.67398,ORD,41.97707,-87.901184,307,1,6.45
161,Delta,CHS,32.885193,-80.03694,DEN,39.84973,-104.67398,ATL,33.640545,-84.43341,307,1,6.47
162,United,CHS,32.885193,-80.03694,DEN,39.84973,-104.67398,ORD,41.97707,-87.901184,307,1,6.88
163,United,CHS,32.885193,-80.03694,DEN,39.84973,-104.67398,ORD,41.97707,-87.901184,307,1,7.72
164,American Airlines,CHS,32.885193,-80.03694,DEN,39.84973,-104.67398,CLT,35.220448,-80.94377,348,1,6.58
165,American Airlines,CHS,32.885193,-80.03694,DEN,39.84973,-104.67398,CLT,35.220448,-80.94377,348,1,6.63
166,American Airlines,CHS,32.885193,-80.03694,DEN,39.84973,-104.67398,CLT,35.220448,-80.94377,348,1,8.08
167,JetBlue Airways,CHS,32.885193,-80.03694,DEN,39.84973,-104.67398,BOS,42.36514,-71.01889,359,1,9.08
168,JetBlue Airways,CHS,32.885193,-80.03694,DEN,39.84973,-104.67398,BOS,42.36514,-71.01889,359,1,10.38
169,American Airlines,CHS,32.885193,-80.03694,DEN,39.84973,-104.67398,DFW,32.899193,-97.04005,370,1,6.32
170,Delta,CHS,32.885193,-80.03694,DEN,39.84973,-104.67398,ATL,33.640545,-84.43341,399,1,5.0
171,Delta,CHS,32.885193,-80.03694,DEN,39.84973,-104.67398,ATL,33.640545,-84.43341,399,1,5.38
172,Delta,CHS,32.885193,-80.03694,DEN,39.84973,-104.67398,ATL,33.640545,-84.43341,399,1,5.9
173,Delta,CHS,32.885193,-80.03694,DEN,39.84973,-104.67398,ATL,33.640545,-84.43341,399,1,6.0
174,United,CHS,32.885193,-80.03694,DEN,39.84973,-104.67398,IAD,38.95216,-77.44883,399,1,6.38
175,Delta,CHS,32.885193,-80.03694,DEN,39.84973,-104.67398,ATL,33.640545,-84.43341,399,1,7.07
176,Delta,CHS,32.885193,-80.03694,DEN,39.84973,-104.67398,ATL,33.640545,-84.43341,399,1,8.0
177,United,CHS,32.885193,-80.03694,DEN,39.84973,-104.67398,IAD,38.95216,-77.44883,426,1,7.63
178,United,CHS,32.885193,-80.03694,DEN,39.84973,-104.67398,IAH,29.9872,-95.34774,435,1,6.53
179,United,CHS,32.885193,-80.03694,DEN,39.84973,-104.67398,EWR,40.69297,-74.17799,435,1,7.65
180,United,CHS,32.885193,-80.03694,DEN,39.84973,-104.67398,EWR,40.69297,-74.17799,435,1,9.17
181,United,CHS,32.885193,-80.03694,DEN,39.84973,-104.67398,IAD,38.95216,-77.44883,517,1,6.13
182,Delta,CHS,32.885193,-80.03694,DEN,39.84973,-104.67398,ATL,33.640545,-84.43341,597,1,6.75
183,Delta,CHS,32.885193,-80.03694,ATL,33.640545,-84.43341,ZZZ,40,-100,179,0,1.15
184,Delta,CHS,32.885193,-80.03694,ATL,33.640545,-84.43341,ZZZ,40,-100,179,0,1.18
185,Delta,CHS,32.885193,-80.03694,ATL,33.640545,-84.43341,ZZZ,40,-100,179,0,1.2
186,Delta,CHS,32.885193,-80.03694,ATL,33.640545,-84.43341,ZZZ,40,-100,179,0,1.2
187,Delta,CHS,32.885193,-80.03694,ATL,33.640545,-84.43341,ZZZ,40,-100,179,0,1.22
188,Delta,CHS,32.885193,-80.03694,ATL,33.640545,-84.43341,ZZZ,40,-100,179,0,1.33
189,Delta,CHS,32.885193,-80.03694,ATL,33.640545,-84.43341,ZZZ,40,-100,179,0,1.33
190,Delta,CHS,32.885193,-80.03694,ATL,33.640545,-84.43341,ZZZ,40,-100,179,0,1.4
191,Delta,CHS,32.885193,-80.03694,ATL,33.640545,-84.43341,ZZZ,40,-100,179,0,1.42
192,American Airlines,CHS,32.885193,-80.03694,ATL,33.640545,-84.43341,CLT,35.220448,-80.94377,186,1,3.23
193,American Airlines,CHS,32.885193,-80.03694,ATL,33.640545,-84.43341,CLT,35.220448,-80.94377,186,1,3.77
194,American Airlines,CHS,32.885193,-80.03694,ATL,33.640545,-84.43341,CLT,35.220448,-80.94377,186,1,4.35
195,American Airlines,CHS,32.885193,-80.03694,ATL,33.640545,-84.43341,CLT,35.220448,-80.94377,186,1,4.7
196,American Airlines,CHS,32.885193,-80.03694,ATL,33.640545,-84.43341,CLT,35.220448,-80.94377,186,1,5.47
197,American Airlines,CHS,32.885193,-80.03694,ATL,33.640545,-84.43341,CLT,35.220448,-80.94377,186,1,5.6
198,American Airlines,CHS,32.885193,-80.03694,ATL,33.640545,-84.43341,CLT,35.220448,-80.94377,186,1,6.05
199,United,CHS,32.885193,-80.03694,ATL,33.640545,-84.43341,ORD,41.97707,-87.901184,214,1,7.57
200,American Airlines,CHS,32.885193,-80.03694,ATL,33.640545,-84.43341,CLT,35.220448,-80.94377,224,1,3.6
201,American Airlines,CHS,32.885193,-80.03694,ATL,33.640545,-84.43341,CLT,35.220448,-80.94377,224,1,5.1
202,American Airlines,CHS,32.885193,-80.03694,ATL,33.640545,-84.43341,CLT,35.220448,-80.94377,224,1,5.27
203,JetBlue Airways,CHS,32.885193,-80.03694,ATL,33.640545,-84.43341,FLL,26.072435,-80.1436,232,1,8.05
204,Delta,CHS,32.885193,-80.03694,ATL,33.640545,-84.43341,ZZZ,40,-100,259,0,1.3
205,Delta,CHS,32.885193,-80.03694,ATL,33.640545,-84.43341,ZZZ,40,-100,259,0,1.3
206,United,CHS,32.885193,-80.03694,ATL,33.640545,-84.43341,IAH,29.9872,-95.34774,269,1,5.97
207,United,CHS,32.885193,-80.03694,ATL,33.640545,-84.43341,IAD,38.95216,-77.44883,272,1,4.23
208,American Airlines,CHS,32.885193,-80.03694,ATL,33.640545,-84.43341,CLT,35.220448,-80.94377,278,1,4.17
209,American Airlines,CHS,32.885193,-80.03694,ATL,33.640545,-84.43341,CLT,35.220448,-80.94377,278,1,4.55
210,American Airlines,CHS,32.885193,-80.03694,ATL,33.640545,-84.43341,CLT,35.220448,-80.94377,278,1,6.05
211,United,CHS,32.885193,-80.03694,ATL,33.640545,-84.43341,IAD,38.95216,-77.44883,287,1,4.12
212,JetBlue Airways,CHS,32.885193,-80.03694,ATL,33.640545,-84.43341,JFK,40.645123,-73.78461,296,1,7.03
213,JetBlue Airways,CHS,32.885193,-80.03694,ATL,33.640545,-84.43341,BOS,42.36514,-71.01889,320,1,10.55
214,JetBlue Airways,CHS,32.885193,-80.03694,ATL,33.640545,-84.43341,BOS,42.36514,-71.01889,320,1,11.85
215,United,CHS,32.885193,-80.03694,ATL,33.640545,-84.43341,EWR,40.69297,-74.17799,342,1,9.73
216,American Airlines,CHS,32.885193,-80.03694,ATL,33.640545,-84.43341,CLT,35.220448,-80.94377,355,1,4.9
217,American Airlines,CHS,32.885193,-80.03694,ATL,33.640545,-84.43341,CLT,35.220448,-80.94377,355,1,6.52
218,JetBlue Airways,CHS,32.885193,-80.03694,ATL,33.640545,-84.43341,BOS,42.36514,-71.01889,382,1,7.17
219,United,CHS,32.885193,-80.03694,ATL,33.640545,-84.43341,IAH,29.9872,-95.34774,388,1,7.78
220,JetBlue Airways,CHS,32.885193,-80.03694,ATL,33.640545,-84.43341,JFK,40.645123,-73.78461,416,1,5.27
221,United,CHS,32.885193,-80.03694,ATL,33.640545,-84.43341,IAH,29.9872,-95.34774,428,1,5.83
222,American Airlines,CHS,32.885193,-80.03694,ATL,33.640545,-84.43341,CLT,35.220448,-80.94377,506,1,3.67
223,United,CHS,32.885193,-80.03694,EWR,40.69297,-74.17799,ZZZ,40,-100,182,0,2.0
224,United,CHS,32.885193,-80.03694,EWR,40.69297,-74.17799,ZZZ,40,-100,194,0,2.0
225,United,CHS,32.885193,-80.03694,EWR,40.69297,-74.17799,ORD,41.97707,-87.901184,202,1,7.83
226,American Airlines,CHS,32.885193,-80.03694,EWR,40.69297,-74.17799,CLT,35.220448,-80.94377,222,1,6.82
227,United,CHS,32.885193,-80.03694,EWR,40.69297,-74.17799,ZZZ,40,-100,243,0,2.0
228,United,CHS,32.885193,-80.03694,EWR,40.69297,-74.17799,IAD,38.95216,-77.44883,251,1,4.08
229,United,CHS,32.885193,-80.03694,EWR,40.69297,-74.17799,ORD,41.97707,-87.901184,276,1,5.07
230,United,CHS,32.885193,-80.03694,EWR,40.69297,-74.17799,ORD,41.97707,-87.901184,276,1,6.42
231,American Airlines,CHS,32.885193,-80.03694,EWR,40.69297,-74.17799,CLT,35.220448,-80.94377,294,1,3.85
232,American Airlines,CHS,32.885193,-80.03694,EWR,40.69297,-74.17799,CLT,35.220448,-80.94377,294,1,3.87
233,American Airlines,CHS,32.885193,-80.03694,EWR,40.69297,-74.17799,CLT,35.220448,-80.94377,294,1,4.23
234,American Airlines,CHS,32.885193,-80.03694,EWR,40.69297,-74.17799,CLT,35.220448,-80.94377,294,1,4.75
235,American Airlines,CHS,32.885193,-80.03694,EWR,40.69297,-74.17799,CLT,35.220448,-80.94377,294,1,4.87
236,American Airlines,CHS,32.885193,-80.03694,EWR,40.69297,-74.17799,CLT,35.220448,-80.94377,294,1,4.98
237,American Airlines,CHS,32.885193,-80.03694,EWR,40.69297,-74.17799,CLT,35.220448,-80.94377,294,1,5.35
238,American Airlines,CHS,32.885193,-80.03694,EWR,40.69297,-74.17799,CLT,35.220448,-80.94377,294,1,5.63
239,American Airlines,CHS,32.885193,-80.03694,EWR,40.69297,-74.17799,CLT,35.220448,-80.94377,294,1,6.45
240,United,CHS,32.885193,-80.03694,EWR,40.69297,-74.17799,IAD,38.95216,-77.44883,295,1,3.7199999999999998
241,United,CHS,32.885193,-80.03694,EWR,40.69297,-74.17799,IAD,38.95216,-77.44883,295,1,3.9
242,United,CHS,32.885193,-80.03694,EWR,40.69297,-74.17799,IAD,38.95216,-77.44883,295,1,4.17
243,Delta,CHS,32.885193,-80.03694,EWR,40.69297,-74.17799,ATL,33.640545,-84.43341,295,1,4.47
244,Delta,CHS,32.885193,-80.03694,EWR,40.69297,-74.17799,ATL,33.640545,-84.43341,295,1,5.47
245,Delta,CHS,32.885193,-80.03694,EWR,40.69297,-74.17799,ATL,33.640545,-84.43341,295,1,6.55
246,Delta,CHS,32.885193,-80.03694,EWR,40.69297,-74.17799,ATL,33.640545,-84.43341,295,1,7.0
247,United,CHS,32.885193,-80.03694,EWR,40.69297,-74.17799,ORD,41.97707,-87.901184,301,1,5.8
248,JetBlue Airways,CHS,32.885193,-80.03694,EWR,40.69297,-74.17799,FLL,26.072435,-80.1436,308,1,6.63
249,United,CHS,32.885193,-80.03694,EWR,40.69297,-74.17799,ZZZ,40,-100,314,0,2.25
250,JetBlue Airways,CHS,32.885193,-80.03694,EWR,40.69297,-74.17799,BOS,42.36514,-71.01889,321,1,7.57
251,JetBlue Airways,CHS,32.885193,-80.03694,EWR,40.69297,-74.17799,BOS,42.36514,-71.01889,327,1,8.87
252,United,CHS,32.885193,-80.03694,EWR,40.69297,-74.17799,ZZZ,40,-100,346,0,2.23
253,American Airlines,CHS,32.885193,-80.03694,EWR,40.69297,-74.17799,CLT,35.220448,-80.94377,353,1,4.0
254,American Airlines,CHS,32.885193,-80.03694,EWR,40.69297,-74.17799,CLT,35.220448,-80.94377,353,1,4.65
255,American Airlines,CHS,32.885193,-80.03694,EWR,40.69297,-74.17799,CLT,35.220448,-80.94377,353,1,5.62
256,American Airlines,CHS,32.885193,-80.03694,EWR,40.69297,-74.17799,CLT,35.220448,-80.94377,353,1,7.12
257,Delta,CHS,32.885193,-80.03694,EWR,40.69297,-74.17799,ATL,33.640545,-84.43341,354,1,4.0
258,Delta,CHS,32.885193,-80.03694,EWR,40.69297,-74.17799,ATL,33.640545,-84.43341,354,1,4.87
259,Delta,CHS,32.885193,-80.03694,EWR,40.69297,-74.17799,ATL,33.640545,-84.43341,354,1,5.0
260,Delta,CHS,32.885193,-80.03694,EWR,40.69297,-74.17799,ATL,33.640545,-84.43341,354,1,5.07
261,Delta,CHS,32.885193,-80.03694,EWR,40.69297,-74.17799,ATL,33.640545,-84.43341,354,1,5.48
262,Delta,CHS,32.885193,-80.03694,EWR,40.69297,-74.17799,ATL,33.640545,-84.43341,354,1,5.68
263,Delta,CHS,32.885193,-80.03694,EWR,40.69297,-74.17799,ATL,33.640545,-84.43341,354,1,6.0
264,Delta,CHS,32.885193,-80.03694,EWR,40.69297,-74.17799,ATL,33.640545,-84.43341,354,1,6.68
265,Delta,CHS,32.885193,-80.03694,EWR,40.69297,-74.17799,ATL,33.640545,-84.43341,354,1,6.73
266,Delta,CHS,32.885193,-80.03694,EWR,40.69297,-74.17799,ATL,33.640545,-84.43341,354,1,6.93
267,Delta,CHS,32.885193,-80.03694,EWR,40.69297,-74.17799,DTW,42.20911,-83.356346,431,1,5.02
268,Delta,CHS,32.885193,-80.03694,EWR,40.69297,-74.17799,ATL,33.640545,-84.43341,431,1,5.33
269,Delta,CHS,32.885193,-80.03694,LAS,36.0831,-115.14443,ATL,33.640545,-84.43341,167,1,7.23
270,Delta,CHS,32.885193,-80.03694,LAS,36.0831,-115.14443,ATL,33.640545,-84.43341,167,1,7.75
271,Delta,CHS,32.885193,-80.03694,LAS,36.0831,-115.14443,ATL,33.640545,-84.43341,167,1,8.97
272,American Airlines,CHS,32.885193,-80.03694,LAS,36.0831,-115.14443,CLT,35.220448,-80.94377,182,1,9.23
273,American Airlines,CHS,32.885193,-80.03694,LAS,36.0831,-115.14443,CLT,35.220448,-80.94377,215,1,7.35
274,American Airlines,CHS,32.885193,-80.03694,LAS,36.0831,-115.14443,CLT,35.220448,-80.94377,215,1,7.4
275,American Airlines,CHS,32.885193,-80.03694,LAS,36.0831,-115.14443,CLT,35.220448,-80.94377,215,1,7.62
276,American Airlines,CHS,32.885193,-80.03694,LAS,36.0831,-115.14443,CLT,35.220448,-80.94377,215,1,9.32
277,Delta,CHS,32.885193,-80.03694,LAS,36.0831,-115.14443,ATL,33.640545,-84.43341,229,1,6.23
278,Delta,CHS,32.885193,-80.03694,LAS,36.0831,-115.14443,ATL,33.640545,-84.43341,229,1,8.28
279,United,CHS,32.885193,-80.03694,LAS,36.0831,-115.14443,IAH,29.9872,-95.34774,246,1,7.5
280,United,CHS,32.885193,-80.03694,LAS,36.0831,-115.14443,ORD,41.97707,-87.901184,246,1,8.18
281,Delta,CHS,32.885193,-80.03694,LAS,36.0831,-115.14443,ATL,33.640545,-84.43341,264,1,7.23
282,American Airlines,CHS,32.885193,-80.03694,LAS,36.0831,-115.14443,DFW,32.899193,-97.04005,304,1,9.4
283,Delta,CHS,32.885193,-80.03694,LAS,36.0831,-115.14443,ATL,33.640545,-84.43341,319,1,6.6
284,Delta,CHS,32.885193,-80.03694,LAS,36.0831,-115.14443,ATL,33.640545,-84.43341,319,1,8.05
285,JetBlue Airways,CHS,32.885193,-80.03694,LAS,36.0831,-115.14443,JFK,40.645123,-73.78461,347,1,9.0
286,American Airlines,CHS,32.885193,-80.03694,LAS,36.0831,-115.14443,DFW,32.899193,-97.04005,359,1,8.75
287,United,CHS,32.885193,-80.03694,LAS,36.0831,-115.14443,IAH,29.9872,-95.34774,366,1,6.92
288,United,CHS,32.885193,-80.03694,LAS,36.0831,-115.14443,ORD,41.97707,-87.901184,366,1,7.88
289,United,CHS,32.885193,-80.03694,LAS,36.0831,-115.14443,IAH,29.9872,-95.34774,366,1,9.6
290,American Airlines,CHS,32.885193,-80.03694,LAS,36.0831,-115.14443,DFW,32.899193,-97.04005,403,1,7.25
291,American Airlines,CHS,32.885193,-80.03694,LAS,36.0831,-115.14443,DFW,32.899193,-97.04005,404,1,7.08
292,United,CHS,32.885193,-80.03694,LAS,36.0831,-115.14443,ORD,41.97707,-87.901184,425,1,7.88
293,American Airlines,CHS,32.885193,-80.03694,LAS,36.0831,-115.14443,MIA,25.795565,-80.27813,425,1,8.35
294,United,CHS,32.885193,-80.03694,LAS,36.0831,-115.14443,EWR,40.69297,-74.17799,425,1,11.45
295,JetBlue Airways,CHS,32.885193,-80.03694,LAS,36.0831,-115.14443,BOS,42.36514,-71.01889,429,1,9.5
296,JetBlue Airways,CHS,32.885193,-80.03694,LAS,36.0831,-115.14443,BOS,42.36514,-71.01889,429,1,10.8
297,United,CHS,32.885193,-80.03694,LAS,36.0831,-115.14443,EWR,40.69297,-74.17799,453,1,9.87
298,JetBlue Airways,CHS,32.885193,-80.03694,LAS,36.0831,-115.14443,JFK,40.645123,-73.78461,456,1,8.42
299,United,CHS,32.885193,-80.03694,LAS,36.0831,-115.14443,IAD,38.95216,-77.44883,464,1,7.42
300,United,CHS,32.885193,-80.03694,LAS,36.0831,-115.14443,IAD,38.95216,-77.44883,489,1,7.3
301,Alaska Airlines,CHS,32.885193,-80.03694,LAS,36.0831,-115.14443,SEA,47.44359,-122.302505,587,1,10.67
302,American Airlines,CHS,32.885193,-80.03694,LAS,36.0831,-115.14443,CLT,35.220448,-80.94377,842,1,7.15
303,JetBlue Airways,CHS,32.885193,-80.03694,JFK,40.645123,-73.78461,ZZZ,40,-100,154,0,2.23
304,Delta,CHS,32.885193,-80.03694,JFK,40.645123,-73.78461,ZZZ,40,-100,174,0,2.18
305,JetBlue Airways,CHS,32.885193,-80.03694,JFK,40.645123,-73.78461,ZZZ,40,-100,194,0,1.92
306,JetBlue Airways,CHS,32.885193,-80.03694,JFK,40.645123,-73.78461,ZZZ,40,-100,194,0,2.18
307,American Airlines,CHS,32.885193,-80.03694,JFK,40.645123,-73.78461,CLT,35.220448,-80.94377,228,1,3.82
308,American Airlines,CHS,32.885193,-80.03694,JFK,40.645123,-73.78461,CLT,35.220448,-80.94377,228,1,5.15
309,American Airlines,CHS,32.885193,-80.03694,JFK,40.645123,-73.78461,CLT,35.220448,-80.94377,228,1,5.92
310,Delta,CHS,32.885193,-80.03694,JFK,40.645123,-73.78461,ZZZ,40,-100,243,0,1.9300000000000002
311,Delta,CHS,32.885193,-80.03694,JFK,40.645123,-73.78461,ZZZ,40,-100,243,0,2.17
312,Delta,CHS,32.885193,-80.03694,JFK,40.645123,-73.78461,ATL,33.640545,-84.43341,251,1,4.92
313,Delta,CHS,32.885193,-80.03694,JFK,40.645123,-73.78461,ATL,33.640545,-84.43341,251,1,5.02
314,JetBlue Airways,CHS,32.885193,-80.03694,JFK,40.645123,-73.78461,ZZZ,40,-100,314,0,2.0
315,American Airlines,CHS,32.885193,-80.03694,JFK,40.645123,-73.78461,CLT,35.220448,-80.94377,321,1,3.9699999999999998
316,American Airlines,CHS,32.885193,-80.03694,JFK,40.645123,-73.78461,CLT,35.220448,-80.94377,321,1,4.48
317,American Airlines,CHS,32.885193,-80.03694,JFK,40.645123,-73.78461,CLT,35.220448,-80.94377,321,1,4.58
318,American Airlines,CHS,32.885193,-80.03694,JFK,40.645123,-73.78461,CLT,35.220448,-80.94377,321,1,6.18
319,Delta,CHS,32.885193,-80.03694,JFK,40.645123,-73.78461,ATL,33.640545,-84.43341,322,1,6.13
320,American Airlines,CHS,32.885193,-80.03694,JFK,40.645123,-73.78461,DCA,38.853664,-77.0426,322,1,6.68
321,American Airlines,CHS,32.885193,-80.03694,JFK,40.645123,-73.78461,CLT,35.220448,-80.94377,391,1,4.8
322,Delta,CHS,32.885193,-80.03694,JFK,40.645123,-73.78461,ATL,33.640545,-84.43341,402,1,4.45
323,Delta,CHS,32.885193,-80.03694,JFK,40.645123,-73.78461,ATL,33.640545,-84.43341,402,1,6.13
324,Delta,CHS,32.885193,-80.03694,JFK,40.645123,-73.78461,ATL,33.640545,-84.43341,402,1,7.38
325,Delta,CHS,32.885193,-80.03694,JFK,40.645123,-73.78461,ATL,33.640545,-84.43341,502,1,4.53
326,Delta,CHS,32.885193,-80.03694,JFK,40.645123,-73.78461,ATL,33.640545,-84.43341,672,1,4.58
327,Delta,CHS,32.885193,-80.03694,JFK,40.645123,-73.78461,ATL,33.640545,-84.43341,672,1,5.58
328,Delta,CHS,32.885193,-80.03694,JFK,40.645123,-73.78461,ATL,33.640545,-84.43341,672,1,6.58
329,American Airlines,CHS,32.885193,-80.03694,MIA,25.795565,-80.27813,ZZZ,40,-100,111,0,1.83
330,American Airlines,CHS,32.885193,-80.03694,MIA,25.795565,-80.27813,ZZZ,40,-100,136,0,1.87
331,American Airlines,CHS,32.885193,-80.03694,MIA,25.795565,-80.27813,ZZZ,40,-100,195,0,1.72
332,American Airlines,CHS,32.885193,-80.03694,MIA,25.795565,-80.27813,ZZZ,40,-100,195,0,1.78
333,American Airlines,CHS,32.885193,-80.03694,MIA,25.795565,-80.27813,CLT,35.220448,-80.94377,242,1,4.1
334,American Airlines,CHS,32.885193,-80.03694,MIA,25.795565,-80.27813,CLT,35.220448,-80.94377,242,1,4.35
335,American Airlines,CHS,32.885193,-80.03694,MIA,25.795565,-80.27813,CLT,35.220448,-80.94377,242,1,5.22
336,American Airlines,CHS,32.885193,-80.03694,MIA,25.795565,-80.27813,CLT,35.220448,-80.94377,242,1,5.93
337,American Airlines,CHS,32.885193,-80.03694,MIA,25.795565,-80.27813,CLT,35.220448,-80.94377,242,1,6.92
338,United,CHS,32.885193,-80.03694,MIA,25.795565,-80.27813,IAH,29.9872,-95.34774,247,1,6.12
339,United,CHS,32.885193,-80.03694,MIA,25.795565,-80.27813,ORD,41.97707,-87.901184,271,1,10.82
340,United,CHS,32.885193,-80.03694,MIA,25.795565,-80.27813,EWR,40.69297,-74.17799,278,1,10.43
341,United,CHS,32.885193,-80.03694,MIA,25.795565,-80.27813,EWR,40.69297,-74.17799,278,1,11.43
342,Delta,CHS,32.885193,-80.03694,MIA,25.795565,-80.27813,ATL,33.640545,-84.43341,284,1,5.88
343,Delta,CHS,32.885193,-80.03694,MIA,25.795565,-80.27813,ATL,33.640545,-84.43341,284,1,7.1
344,United,CHS,32.885193,-80.03694,MIA,25.795565,-80.27813,IAH,29.9872,-95.34774,288,1,6.43
345,United,CHS,32.885193,-80.03694,MIA,25.795565,-80.27813,IAH,29.9872,-95.34774,288,1,8.42
346,United,CHS,32.885193,-80.03694,MIA,25.795565,-80.27813,EWR,40.69297,-74.17799,313,1,7.05
347,Delta,CHS,32.885193,-80.03694,MIA,25.795565,-80.27813,ATL,33.640545,-84.43341,319,1,4.07
348,United,CHS,32.885193,-80.03694,MIA,25.795565,-80.27813,EWR,40.69297,-74.17799,321,1,9.18
349,Delta,CHS,32.885193,-80.03694,MIA,25.795565,-80.27813,ATL,33.640545,-84.43341,325,1,8.63
350,Delta,CHS,32.885193,-80.03694,MIA,25.795565,-80.27813,ATL,33.640545,-84.43341,325,1,9.37
351,Delta,CHS,32.885193,-80.03694,MIA,25.795565,-80.27813,ATL,33.640545,-84.43341,325,1,9.63
352,Delta,CHS,32.885193,-80.03694,MIA,25.795565,-80.27813,ATL,33.640545,-84.43341,325,1,9.72
353,Delta,CHS,32.885193,-80.03694,MIA,25.795565,-80.27813,ATL,33.640545,-84.43341,325,1,10.63
354,Delta,CHS,32.885193,-80.03694,MIA,25.795565,-80.27813,ATL,33.640545,-84.43341,325,1,10.72
355,Delta,CHS,32.885193,-80.03694,MIA,25.795565,-80.27813,ATL,33.640545,-84.43341,325,1,10.73
356,American Airlines,CHS,32.885193,-80.03694,MIA,25.795565,-80.27813,CLT,35.220448,-80.94377,338,1,4.52
357,American Airlines,CHS,32.885193,-80.03694,MIA,25.795565,-80.27813,CLT,35.220448,-80.94377,338,1,4.87
358,American Airlines,CHS,32.885193,-80.03694,MIA,25.795565,-80.27813,CLT,35.220448,-80.94377,338,1,5.17
359,American Airlines,CHS,32.885193,-80.03694,MIA,25.795565,-80.27813,CLT,35.220448,-80.94377,338,1,5.93
360,American Airlines,CHS,32.885193,-80.03694,MIA,25.795565,-80.27813,CLT,35.220448,-80.94377,338,1,6.02
361,American Airlines,CHS,32.885193,-80.03694,MIA,25.795565,-80.27813,CLT,35.220448,-80.94377,338,1,6.48
362,Delta,CHS,32.885193,-80.03694,MIA,25.795565,-80.27813,ATL,33.640545,-84.43341,339,1,3.82
363,Delta,CHS,32.885193,-80.03694,MIA,25.795565,-80.27813,ATL,33.640545,-84.43341,339,1,3.88
364,Delta,CHS,32.885193,-80.03694,MIA,25.795565,-80.27813,ATL,33.640545,-84.43341,339,1,3.9
365,Delta,CHS,32.885193,-80.03694,MIA,25.795565,-80.27813,ATL,33.640545,-84.43341,339,1,4.13
366,Delta,CHS,32.885193,-80.03694,MIA,25.795565,-80.27813,ATL,33.640545,-84.43341,339,1,4.25
367,Delta,CHS,32.885193,-80.03694,MIA,25.795565,-80.27813,ATL,33.640545,-84.43341,339,1,4.77
368,Delta,CHS,32.885193,-80.03694,MIA,25.795565,-80.27813,ATL,33.640545,-84.43341,339,1,4.9
369,Delta,CHS,32.885193,-80.03694,MIA,25.795565,-80.27813,ATL,33.640545,-84.43341,339,1,4.9
370,Delta,CHS,32.885193,-80.03694,MIA,25.795565,-80.27813,ATL,33.640545,-84.43341,339,1,5.25
371,Delta,CHS,32.885193,-80.03694,MIA,25.795565,-80.27813,ATL,33.640545,-84.43341,339,1,5.28
372,Delta,CHS,32.885193,-80.03694,MIA,25.795565,-80.27813,ATL,33.640545,-84.43341,339,1,6.25
373,Delta,CHS,32.885193,-80.03694,MIA,25.795565,-80.27813,ATL,33.640545,-84.43341,339,1,6.37
374,Delta,CHS,32.885193,-80.03694,MIA,25.795565,-80.27813,ATL,33.640545,-84.43341,339,1,6.92
375,Delta,CHS,32.885193,-80.03694,MIA,25.795565,-80.27813,ATL,33.640545,-84.43341,339,1,7.03
376,United,CHS,32.885193,-80.03694,MIA,25.795565,-80.27813,EWR,40.69297,-74.17799,362,1,5.8
377,Delta,CHS,32.885193,-80.03694,MIA,25.795565,-80.27813,ATL,33.640545,-84.43341,400,1,10.62
378,Delta,CHS,32.885193,-80.03694,MIA,25.795565,-80.27813,ATL,33.640545,-84.43341,493,1,7.37
379,Delta,CHS,32.885193,-80.03694,MIA,25.795565,-80.27813,ATL,33.640545,-84.43341,493,1,8.37
380,Delta,CHS,32.885193,-80.03694,MIA,25.795565,-80.27813,ATL,33.640545,-84.43341,525,1,8.12
381,Delta,CHS,32.885193,-80.03694,MIA,25.795565,-80.27813,ATL,33.640545,-84.43341,525,1,8.8
382,Delta,CHS,32.885193,-80.03694,MIA,25.795565,-80.27813,ATL,33.640545,-84.43341,525,1,9.13
383,Delta,CHS,32.885193,-80.03694,MIA,25.795565,-80.27813,ATL,33.640545,-84.43341,525,1,11.15
384,Delta,CHS,32.885193,-80.03694,MIA,25.795565,-80.27813,JFK,40.645123,-73.78461,792,1,7.85
385,Frontier Airlines,CHS,32.885193,-80.03694,TTN,40.277077,-74.818016,ZZZ,40,-100,134,0,1.8199999999999998
386,American Airlines,CHS,32.885193,-80.03694,PHL,39.87616,-75.242836,CLT,35.220448,-80.94377,196,1,4.9
387,American Airlines,CHS,32.885193,-80.03694,PHL,39.87616,-75.242836,CLT,35.220448,-80.94377,196,1,5.67
388,American Airlines,CHS,32.885193,-80.03694,PHL,39.87616,-75.242836,CLT,35.220448,-80.94377,233,1,3.77
389,American Airlines,CHS,32.885193,-80.03694,PHL,39.87616,-75.242836,CLT,35.220448,-80.94377,233,1,4.45
390,American Airlines,CHS,32.885193,-80.03694,PHL,39.87616,-75.242836,CLT,35.220448,-80.94377,233,1,5.82
391,Delta,CHS,32.885193,-80.03694,PHL,39.87616,-75.242836,ATL,33.640545,-84.43341,234,1,5.37
392,United,CHS,32.885193,-80.03694,PHL,39.87616,-75.242836,ORD,41.97707,-87.901184,287,1,7.43
393,JetBlue Airways,CHS,32.885193,-80.03694,PHL,39.87616,-75.242836,BOS,42.36514,-71.01889,300,1,8.98
394,JetBlue Airways,CHS,32.885193,-80.03694,PHL,39.87616,-75.242836,BOS,42.36514,-71.01889,300,1,10.28
395,JetBlue Airways,CHS,32.885193,-80.03694,PHL,39.87616,-75.242836,BOS,42.36514,-71.01889,307,1,4.72
396,JetBlue Airways,CHS,32.885193,-80.03694,PHL,39.87616,-75.242836,BOS,42.36514,-71.01889,307,1,6.02
397,JetBlue Airways,CHS,32.885193,-80.03694,PHL,39.87616,-75.242836,BOS,42.36514,-71.01889,307,1,6.58
398,United,CHS,32.885193,-80.03694,PHL,39.87616,-75.242836,ORD,41.97707,-87.901184,322,1,8.2
399,American Airlines,CHS,32.885193,-80.03694,PHL,39.87616,-75.242836,CLT,35.220448,-80.94377,327,1,3.98
400,American Airlines,CHS,32.885193,-80.03694,PHL,39.87616,-75.242836,CLT,35.220448,-80.94377,327,1,4.03
401,American Airlines,CHS,32.885193,-80.03694,PHL,39.87616,-75.242836,CLT,35.220448,-80.94377,327,1,5.18
402,American Airlines,CHS,32.885193,-80.03694,PHL,39.87616,-75.242836,CLT,35.220448,-80.94377,327,1,6.15
403,American Airlines,CHS,32.885193,-80.03694,PHL,39.87616,-75.242836,CLT,35.220448,-80.94377,327,1,6.68
404,Delta,CHS,32.885193,-80.03694,PHL,39.87616,-75.242836,ATL,33.640545,-84.43341,328,1,5.13
405,Delta,CHS,32.885193,-80.03694,PHL,39.87616,-75.242836,ATL,33.640545,-84.43341,328,1,6.58
406,Delta,CHS,32.885193,-80.03694,PHL,39.87616,-75.242836,ATL,33.640545,-84.43341,328,1,6.75
407,JetBlue Airways,CHS,32.885193,-80.03694,PHL,39.87616,-75.242836,BOS,42.36514,-71.01889,361,1,5.6
408,United,CHS,32.885193,-80.03694,PHL,39.87616,-75.242836,ORD,41.97707,-87.901184,362,1,7.32
409,United,CHS,32.885193,-80.03694,PHL,39.87616,-75.242836,ORD,41.97707,-87.901184,368,1,10.45
410,American Airlines,CHS,32.885193,-80.03694,PHL,39.87616,-75.242836,CLT,35.220448,-80.94377,371,1,3.68
411,American Airlines,CHS,32.885193,-80.03694,PHL,39.87616,-75.242836,CLT,35.220448,-80.94377,371,1,3.7199999999999998
412,Delta,CHS,32.885193,-80.03694,PHL,39.87616,-75.242836,ATL,33.640545,-84.43341,372,1,5.52
413,Delta,CHS,32.885193,-80.03694,PHL,39.87616,-75.242836,ATL,33.640545,-84.43341,372,1,5.55
414,Delta,CHS,32.885193,-80.03694,PHL,39.87616,-75.242836,ATL,33.640545,-84.43341,372,1,6.8
415,United,CHS,32.885193,-80.03694,ZFV,39.955658,-75.18212,EWR,40.69297,-74.17799,594,1,4.8
416,United,CHS,32.885193,-80.03694,ZFV,39.955658,-75.18212,EWR,40.69297,-74.17799,594,1,5.03
417,United,CHS,32.885193,-80.03694,ZFV,39.955658,-75.18212,EWR,40.69297,-74.17799,594,1,5.45
418,United,CHS,32.885193,-80.03694,ZFV,39.955658,-75.18212,EWR,40.69297,-74.17799,594,1,5.6
419,United,CHS,32.885193,-80.03694,ZFV,39.955658,-75.18212,EWR,40.69297,-74.17799,594,1,5.92
420,United,CHS,32.885193,-80.03694,ZFV,39.955658,-75.18212,EWR,40.69297,-74.17799,594,1,6.28
421,American Airlines,CHS,32.885193,-80.03694,PHL,39.87616,-75.242836,ZZZ,40,-100,620,0,1.85
422,American Airlines,CHS,32.885193,-80.03694,PHL,39.87616,-75.242836,ZZZ,40,-100,620,0,1.9
423,American Airlines,CHS,32.885193,-80.03694,PHL,39.87616,-75.242836,ZZZ,40,-100,620,0,1.9
424,American Airlines,CHS,32.885193,-80.03694,PHL,39.87616,-75.242836,ZZZ,40,-100,620,0,2.07
425,American Airlines,CHS,32.885193,-80.03694,PHL,39.87616,-75.242836,ZZZ,40,-100,620,0,2.07
426,American Airlines,CHS,32.885193,-80.03694,PHL,39.87616,-75.242836,CLT,35.220448,-80.94377,627,1,3.73
427,Delta,CHS,32.885193,-80.03694,PHL,39.87616,-75.242836,ATL,33.640545,-84.43341,628,1,4.0
428,Delta,CHS,32.885193,-80.03694,PHL,39.87616,-75.242836,ATL,33.640545,-84.43341,628,1,4.03
429,Delta,CHS,32.885193,-80.03694,PHL,39.87616,-75.242836,ATL,33.640545,-84.43341,628,1,4.07
430,Delta,CHS,32.885193,-80.03694,PHL,39.87616,-75.242836,ATL,33.640545,-84.43341,628,1,4.33
431,Delta,CHS,32.885193,-80.03694,PHL,39.87616,-75.242836,ATL,33.640545,-84.43341,628,1,4.52
432,Delta,CHS,32.885193,-80.03694,PHL,39.87616,-75.242836,ATL,33.640545,-84.43341,628,1,4.75
433,Delta,CHS,32.885193,-80.03694,PHL,39.87616,-75.242836,ATL,33.640545,-84.43341,628,1,5.63
434,Delta,CHS,32.885193,-80.03694,PHL,39.87616,-75.242836,ATL,33.640545,-84.43341,628,1,5.75
435,Delta,CHS,32.885193,-80.03694,PHL,39.87616,-75.242836,ATL,33.640545,-84.43341,628,1,5.75
436,Delta,CHS,32.885193,-80.03694,PHL,39.87616,-75.242836,ATL,33.640545,-84.43341,628,1,6.63
437,Delta,CHS,32.885193,-80.03694,PHL,39.87616,-75.242836,ATL,33.640545,-84.43341,628,1,6.88
438,American Airlines,CHS,32.885193,-80.03694,DFW,32.899193,-97.04005,ZZZ,40,-100,188,0,2.83
439,American Airlines,CHS,32.885193,-80.03694,DFW,32.899193,-97.04005,ZZZ,40,-100,188,0,2.88
440,United,CHS,32.885193,-80.03694,DFW,32.899193,-97.04005,IAH,29.9872,-95.34774,233,1,5.32
441,United,CHS,32.885193,-80.03694,DFW,32.899193,-97.04005,ORD,41.97707,-87.901184,233,1,6.3
442,American Airlines,CHS,32.885193,-80.03694,DFW,32.899193,-97.04005,ZZZ,40,-100,241,0,2.8
443,American Airlines,CHS,32.885193,-80.03694,DFW,32.899193,-97.04005,ZZZ,40,-100,241,0,2.8
444,Delta,CHS,32.885193,-80.03694,DAL,32.845333,-96.84932,ATL,33.640545,-84.43341,249,1,4.83
445,Delta,CHS,32.885193,-80.03694,DFW,32.899193,-97.04005,ATL,33.640545,-84.43341,249,1,5.92
446,American Airlines,CHS,32.885193,-80.03694,DFW,32.899193,-97.04005,CLT,35.220448,-80.94377,301,1,4.72
447,American Airlines,CHS,32.885193,-80.03694,DFW,32.899193,-97.04005,CLT,35.220448,-80.94377,301,1,5.4
448,American Airlines,CHS,32.885193,-80.03694,DFW,32.899193,-97.04005,CLT,35.220448,-80.94377,301,1,6.55
449,Delta,CHS,32.885193,-80.03694,DFW,32.899193,-97.04005,ATL,33.640545,-84.43341,302,1,4.48
450,Delta,CHS,32.885193,-80.03694,DAL,32.845333,-96.84932,ATL,33.640545,-84.43341,302,1,4.55
451,Delta,CHS,32.885193,-80.03694,DAL,32.845333,-96.84932,ATL,33.640545,-84.43341,302,1,4.6
452,Delta,CHS,32.885193,-80.03694,DAL,32.845333,-96.84932,ATL,33.640545,-84.43341,302,1,4.85
453,Delta,CHS,32.885193,-80.03694,DAL,32.845333,-96.84932,ATL,33.640545,-84.43341,302,1,5.55
454,Delta,CHS,32.885193,-80.03694,DFW,32.899193,-97.04005,ATL,33.640545,-84.43341,302,1,5.73
455,Delta,CHS,32.885193,-80.03694,DFW,32.899193,-97.04005,ATL,33.640545,-84.43341,302,1,5.88
456,Delta,CHS,32.885193,-80.03694,DFW,32.899193,-97.04005,ATL,33.640545,-84.43341,302,1,5.98
457,Delta,CHS,32.885193,-80.03694,DFW,32.899193,-97.04005,ATL,33.640545,-84.43341,302,1,6.0
458,Delta,CHS,32.885193,-80.03694,DAL,32.845333,-96.84932,ATL,33.640545,-84.43341,302,1,6.05
459,Delta,CHS,32.885193,-80.03694,DAL,32.845333,-96.84932,ATL,33.640545,-84.43341,302,1,6.07
460,Delta,CHS,32.885193,-80.03694,DFW,32.899193,-97.04005,ATL,33.640545,-84.43341,302,1,6.52
461,Delta,CHS,32.885193,-80.03694,DAL,32.845333,-96.84932,ATL,33.640545,-84.43341,302,1,6.55
462,Delta,CHS,32.885193,-80.03694,DFW,32.899193,-97.04005,ATL,33.640545,-84.43341,302,1,6.98
463,Delta,CHS,32.885193,-80.03694,DFW,32.899193,-97.04005,ATL,33.640545,-84.43341,302,1,7.13
464,Delta,CHS,32.885193,-80.03694,DFW,32.899193,-97.04005,ATL,33.640545,-84.43341,302,1,7.77
465,American Airlines,CHS,32.885193,-80.03694,DFW,32.899193,-97.04005,CLT,35.220448,-80.94377,344,1,7.98
466,Delta,CHS,32.885193,-80.03694,DFW,32.899193,-97.04005,ATL,33.640545,-84.43341,345,1,4.32
467,Delta,CHS,32.885193,-80.03694,DAL,32.845333,-96.84932,ATL,33.640545,-84.43341,345,1,4.38
468,Delta,CHS,32.885193,-80.03694,DFW,32.899193,-97.04005,ATL,33.640545,-84.43341,345,1,4.98
469,United,CHS,32.885193,-80.03694,DFW,32.899193,-97.04005,IAH,29.9872,-95.34774,411,1,5.35
470,United,CHS,32.885193,-80.03694,DFW,32.899193,-97.04005,IAD,38.95216,-77.44883,411,1,5.58
471,United,CHS,32.885193,-80.03694,DFW,32.899193,-97.04005,ORD,41.97707,-87.901184,411,1,6.13
472,United,CHS,32.885193,-80.03694,DFW,32.899193,-97.04005,IAD,38.95216,-77.44883,422,1,6.23
473,American Airlines,CHS,32.885193,-80.03694,DFW,32.899193,-97.04005,CLT,35.220448,-80.94377,431,1,4.87
474,American Airlines,CHS,32.885193,-80.03694,DFW,32.899193,-97.04005,CLT,35.220448,-80.94377,431,1,6.35
475,American Airlines,CHS,32.885193,-80.03694,DFW,32.899193,-97.04005,CLT,35.220448,-80.94377,431,1,6.48
476,American Airlines,CHS,32.885193,-80.03694,DFW,32.899193,-97.04005,CLT,35.220448,-80.94377,431,1,7.97
477,Delta,CHS,32.885193,-80.03694,DFW,32.899193,-97.04005,ATL,33.640545,-84.43341,433,1,4.38
478,Delta,CHS,32.885193,-80.03694,DFW,32.899193,-97.04005,ATL,33.640545,-84.43341,433,1,4.53
479,United,CHS,32.885193,-80.03694,DFW,32.899193,-97.04005,EWR,40.69297,-74.17799,442,1,9.6
480,United,CHS,32.885193,-80.03694,DFW,32.899193,-97.04005,ORD,41.97707,-87.901184,515,1,5.53
481,United,CHS,32.885193,-80.03694,DFW,32.899193,-97.04005,IAD,38.95216,-77.44883,553,1,5.88
482,Delta,CHS,32.885193,-80.03694,DFW,32.899193,-97.04005,LGA,40.77289,-73.868805,554,1,7.75
483,Delta,CHS,32.885193,-80.03694,SFO,37.616714,-122.38709,ATL,33.640545,-84.43341,239,1,7.83
484,Delta,CHS,32.885193,-80.03694,SFO,37.616714,-122.38709,ATL,33.640545,-84.43341,239,1,9.05
485,Delta,CHS,32.885193,-80.03694,SFO,37.616714,-122.38709,ATL,33.640545,-84.43341,239,1,9.58
486,United,CHS,32.885193,-80.03694,SFO,37.616714,-122.38709,IAH,29.9872,-95.34774,301,1,8.42
487,United,CHS,32.885193,-80.03694,SFO,37.616714,-122.38709,IAD,38.95216,-77.44883,301,1,10.92
488,Frontier Airlines,CHS,32.885193,-80.03694,SFO,37.616714,-122.38709,DEN,39.84973,-104.67398,314,1,7.47
489,Delta,CHS,32.885193,-80.03694,SFO,37.616714,-122.38709,ATL,33.640545,-84.43341,350,1,7.43
490,Delta,CHS,32.885193,-80.03694,SFO,37.616714,-122.38709,ATL,33.640545,-84.43341,350,1,7.68
491,Delta,CHS,32.885193,-80.03694,SFO,37.616714,-122.38709,ATL,33.640545,-84.43341,350,1,7.72
492,Delta,CHS,32.885193,-80.03694,SFO,37.616714,-122.38709,ATL,33.640545,-84.43341,350,1,7.72
493,Delta,CHS,32.885193,-80.03694,SFO,37.616714,-122.38709,ATL,33.640545,-84.43341,350,1,7.87
494,Delta,CHS,32.885193,-80.03694,SFO,37.616714,-122.38709,ATL,33.640545,-84.43341,350,1,8.47
495,United,CHS,32.885193,-80.03694,SFO,37.616714,-122.38709,IAD,38.95216,-77.44883,350,1,8.57
496,Delta,CHS,32.885193,-80.03694,SFO,37.616714,-122.38709,ATL,33.640545,-84.43341,350,1,8.68
497,Delta,CHS,32.885193,-80.03694,SFO,37.616714,-122.38709,ATL,33.640545,-84.43341,350,1,8.72
498,Delta,CHS,32.885193,-80.03694,SFO,37.616714,-122.38709,JFK,40.645123,-73.78461,350,1,9.6
499,Delta,CHS,32.885193,-80.03694,SFO,37.616714,-122.38709,ATL,33.640545,-84.43341,350,1,9.68
500,Delta,CHS,32.885193,-80.03694,SFO,37.616714,-122.38709,ATL,33.640545,-84.43341,350,1,9.72
501,United,CHS,32.885193,-80.03694,SFO,37.616714,-122.38709,IAH,29.9872,-95.34774,350,1,9.92
502,Delta,CHS,32.885193,-80.03694,SFO,37.616714,-122.38709,ATL,33.640545,-84.43341,350,1,10.15
503,Delta,CHS,32.885193,-80.03694,SFO,37.616714,-122.38709,DTW,42.20911,-83.356346,350,1,10.57
504,Delta,CHS,32.885193,-80.03694,SFO,37.616714,-122.38709,JFK,40.645123,-73.78461,350,1,11.57
505,Delta,CHS,32.885193,-80.03694,SFO,37.616714,-122.38709,JFK,40.645123,-73.78461,350,1,11.63
506,American Airlines,CHS,32.885193,-80.03694,SFO,37.616714,-122.38709,DFW,32.899193,-97.04005,353,1,7.7
507,American Airlines,CHS,32.885193,-80.03694,SFO,37.616714,-122.38709,DFW,32.899193,-97.04005,353,1,8.47
508,American Airlines,CHS,32.885193,-80.03694,SFO,37.616714,-122.38709,DFW,32.899193,-97.04005,353,1,10.38
509,American Airlines,CHS,32.885193,-80.03694,SFO,37.616714,-122.38709,DFW,32.899193,-97.04005,359,1,11.97
510,American Airlines,CHS,32.885193,-80.03694,SFO,37.616714,-122.38709,CLT,35.220448,-80.94377,373,1,7.43
511,American Airlines,CHS,32.885193,-80.03694,SFO,37.616714,-122.38709,CLT,35.220448,-80.94377,373,1,7.88
512,American Airlines,CHS,32.885193,-80.03694,SFO,37.616714,-122.38709,CLT,35.220448,-80.94377,373,1,10.6
513,American Airlines,CHS,32.885193,-80.03694,SFO,37.616714,-122.38709,DFW,32.899193,-97.04005,374,1,8.12
514,American Airlines,CHS,32.885193,-80.03694,SFO,37.616714,-122.38709,DFW,32.899193,-97.04005,374,1,10.35
515,United,CHS,32.885193,-80.03694,SFO,37.616714,-122.38709,IAH,29.9872,-95.34774,390,1,7.92
516,American Airlines,CHS,32.885193,-80.03694,SFO,37.616714,-122.38709,CLT,35.220448,-80.94377,426,1,7.85
517,American Airlines,CHS,32.885193,-80.03694,SFO,37.616714,-122.38709,CLT,35.220448,-80.94377,426,1,8.08
518,American Airlines,CHS,32.885193,-80.03694,SFO,37.616714,-122.38709,CLT,35.220448,-80.94377,426,1,9.47
519,American Airlines,CHS,32.885193,-80.03694,SFO,37.616714,-122.38709,CLT,35.220448,-80.94377,426,1,9.58
520,American Airlines,CHS,32.885193,-80.03694,SFO,37.616714,-122.38709,ORD,41.97707,-87.901184,427,1,7.8
521,American Airlines,CHS,32.885193,-80.03694,SFO,37.616714,-122.38709,DFW,32.899193,-97.04005,427,1,8.05
522,JetBlue Airways,CHS,32.885193,-80.03694,SFO,37.616714,-122.38709,JFK,40.645123,-73.78461,497,1,15.6
523,United,CHS,32.885193,-80.03694,SFO,37.616714,-122.38709,EWR,40.69297,-74.17799,501,1,8.92
524,United,CHS,32.885193,-80.03694,SFO,37.616714,-122.38709,EWR,40.69297,-74.17799,501,1,9.6
525,United,CHS,32.885193,-80.03694,SFO,37.616714,-122.38709,EWR,40.69297,-74.17799,501,1,10.4
526,United,CHS,32.885193,-80.03694,SFO,37.616714,-122.38709,EWR,40.69297,-74.17799,501,1,11.32
527,United,CHS,32.885193,-80.03694,SFO,37.616714,-122.38709,EWR,40.69297,-74.17799,501,1,11.57
528,United,CHS,32.885193,-80.03694,SFO,37.616714,-122.38709,IAD,38.95216,-77.44883,507,1,9.52
529,JetBlue Airways,CHS,32.885193,-80.03694,SFO,37.616714,-122.38709,JFK,40.645123,-73.78461,515,1,13.48
530,JetBlue Airways,CHS,32.885193,-80.03694,SFO,37.616714,-122.38709,BOS,42.36514,-71.01889,524,1,11.0
531,JetBlue Airways,CHS,32.885193,-80.03694,SFO,37.616714,-122.38709,BOS,42.36514,-71.01889,524,1,12.3
532,United,CHS,32.885193,-80.03694,SFO,37.616714,-122.38709,IAH,29.9872,-95.34774,529,1,8.25
533,United,CHS,32.885193,-80.03694,SFO,37.616714,-122.38709,EWR,40.69297,-74.17799,529,1,9.15
534,JetBlue Airways,CHS,32.885193,-80.03694,SFO,37.616714,-122.38709,BOS,42.36514,-71.01889,530,1,14.28
535,JetBlue Airways,CHS,32.885193,-80.03694,SFO,37.616714,-122.38709,BOS,42.36514,-71.01889,530,1,15.58
536,United,CHS,32.885193,-80.03694,SFO,37.616714,-122.38709,IAD,38.95216,-77.44883,567,1,7.97
537,JetBlue Airways,CHS,32.885193,-80.03694,SFO,37.616714,-122.38709,BOS,42.36514,-71.01889,592,1,10.9
538,Alaska Airlines,CHS,32.885193,-80.03694,SFO,37.616714,-122.38709,SEA,47.44359,-122.302505,592,1,9.83
539,American Airlines,CHS,32.885193,-80.03694,SFO,37.616714,-122.38709,CLT,35.220448,-80.94377,"1,037",1,7.65
540,United,CHS,32.885193,-80.03694,IAH,29.9872,-95.34774,ZZZ,40,-100,178,0,2.83
541,United,CHS,32.885193,-80.03694,IAH,29.9872,-95.34774,IAD,38.95216,-77.44883,186,1,5.42
542,United,CHS,32.885193,-80.03694,IAH,29.9872,-95.34774,ZZZ,40,-100,199,0,2.83
543,American Airlines,CHS,32.885193,-80.03694,IAH,29.9872,-95.34774,CLT,35.220448,-80.94377,235,1,7.7
544,Delta,CHS,32.885193,-80.03694,IAH,29.9872,-95.34774,ATL,33.640545,-84.43341,236,1,4.85
545,Delta,CHS,32.885193,-80.03694,IAH,29.9872,-95.34774,ATL,33.640545,-84.43341,236,1,5.83
546,American Airlines,CHS,32.885193,-80.03694,IAH,29.9872,-95.34774,DFW,32.899193,-97.04005,236,1,7.25
547,United,CHS,32.885193,-80.03694,IAH,29.9872,-95.34774,ZZZ,40,-100,258,0,2.83
548,American Airlines,CHS,32.885193,-80.03694,IAH,29.9872,-95.34774,CLT,35.220448,-80.94377,265,1,5.03
549,American Airlines,CHS,32.885193,-80.03694,IAH,29.9872,-95.34774,CLT,35.220448,-80.94377,265,1,5.8
550,American Airlines,CHS,32.885193,-80.03694,IAH,29.9872,-95.34774,CLT,35.220448,-80.94377,265,1,7.07
551,American Airlines,CHS,32.885193,-80.03694,IAH,29.9872,-95.34774,DFW,32.899193,-97.04005,266,1,5.3
552,Delta,CHS,32.885193,-80.03694,IAH,29.9872,-95.34774,ATL,33.640545,-84.43341,266,1,7.05
553,United,CHS,32.885193,-80.03694,IAH,29.9872,-95.34774,IAD,38.95216,-77.44883,307,1,5.75
554,American Airlines,CHS,32.885193,-80.03694,IAH,29.9872,-95.34774,DFW,32.899193,-97.04005,322,1,7.05
555,American Airlines,CHS,32.885193,-80.03694,IAH,29.9872,-95.34774,CLT,35.220448,-80.94377,345,1,4.67
556,American Airlines,CHS,32.885193,-80.03694,IAH,29.9872,-95.34774,CLT,35.220448,-80.94377,345,1,4.73
557,American Airlines,CHS,32.885193,-80.03694,IAH,29.9872,-95.34774,CLT,35.220448,-80.94377,345,1,4.75
558,American Airlines,CHS,32.885193,-80.03694,IAH,29.9872,-95.34774,CLT,35.220448,-80.94377,345,1,5.23
559,American Airlines,CHS,32.885193,-80.03694,IAH,29.9872,-95.34774,CLT,35.220448,-80.94377,345,1,5.45
560,American Airlines,CHS,32.885193,-80.03694,IAH,29.9872,-95.34774,CLT,35.220448,-80.94377,345,1,6.17
561,American Airlines,CHS,32.885193,-80.03694,IAH,29.9872,-95.34774,CLT,35.220448,-80.94377,345,1,7.13
562,Delta,CHS,32.885193,-80.03694,IAH,29.9872,-95.34774,ATL,33.640545,-84.43341,347,1,4.07
563,Delta,CHS,32.885193,-80.03694,IAH,29.9872,-95.34774,ATL,33.640545,-84.43341,347,1,4.45
564,Delta,CHS,32.885193,-80.03694,IAH,29.9872,-95.34774,ATL,33.640545,-84.43341,347,1,4.47
565,Delta,CHS,32.885193,-80.03694,IAH,29.9872,-95.34774,ATL,33.640545,-84.43341,347,1,4.6
566,American Airlines,CHS,32.885193,-80.03694,IAH,29.9872,-95.34774,DFW,32.899193,-97.04005,347,1,5.05
567,American Airlines,CHS,32.885193,-80.03694,IAH,29.9872,-95.34774,MIA,25.795565,-80.27813,347,1,5.6
568,Delta,CHS,32.885193,-80.03694,IAH,29.9872,-95.34774,ATL,33.640545,-84.43341,347,1,5.72
569,Delta,CHS,32.885193,-80.03694,IAH,29.9872,-95.34774,ATL,33.640545,-84.43341,347,1,6.13
570,Delta,CHS,32.885193,-80.03694,IAH,29.9872,-95.34774,ATL,33.640545,-84.43341,347,1,6.2
571,Delta,CHS,32.885193,-80.03694,IAH,29.9872,-95.34774,ATL,33.640545,-84.43341,347,1,7.2
572,Delta,CHS,32.885193,-80.03694,IAH,29.9872,-95.34774,ATL,33.640545,-84.43341,347,1,7.42
573,Delta,CHS,32.885193,-80.03694,IAH,29.9872,-95.34774,ATL,33.640545,-84.43341,394,1,4.2
574,Delta,CHS,32.885193,-80.03694,IAH,29.9872,-95.34774,ATL,33.640545,-84.43341,394,1,5.73
575,United,CHS,32.885193,-80.03694,IAH,29.9872,-95.34774,IAD,38.95216,-77.44883,394,1,5.73
576,United,CHS,32.885193,-80.03694,IAH,29.9872,-95.34774,IAD,38.95216,-77.44883,394,1,5.97
577,American Airlines,CHS,32.885193,-80.03694,IAH,29.9872,-95.34774,CLT,35.220448,-80.94377,473,1,6.77
578,Delta,CHS,32.885193,-80.03694,IAH,29.9872,-95.34774,LGA,40.77289,-73.868805,515,1,7.07
579,American Airlines,CHS,32.885193,-80.03694,DTW,42.20911,-83.356346,CLT,35.220448,-80.94377,182,1,4.28
580,American Airlines,CHS,32.885193,-80.03694,DTW,42.20911,-83.356346,CLT,35.220448,-80.94377,182,1,4.28
581,American Airlines,CHS,32.885193,-80.03694,DTW,42.20911,-83.356346,CLT,35.220448,-80.94377,182,1,5.05
582,United,CHS,32.885193,-80.03694,DTW,42.20911,-83.356346,ORD,41.97707,-87.901184,187,1,6.98
583,American Airlines,CHS,32.885193,-80.03694,DTW,42.20911,-83.356346,CLT,35.220448,-80.94377,225,1,4.1
584,American Airlines,CHS,32.885193,-80.03694,DTW,42.20911,-83.356346,CLT,35.220448,-80.94377,225,1,5.93
585,American Airlines,CHS,32.885193,-80.03694,DTW,42.20911,-83.356346,CLT,35.220448,-80.94377,225,1,5.98
586,Delta,CHS,32.885193,-80.03694,DTW,42.20911,-83.356346,ZZZ,40,-100,249,0,2.02
587,Delta,CHS,32.885193,-80.03694,DTW,42.20911,-83.356346,ATL,33.640545,-84.43341,257,1,3.7
588,Delta,CHS,32.885193,-80.03694,DTW,42.20911,-83.356346,ATL,33.640545,-84.43341,257,1,3.93
589,Delta,CHS,32.885193,-80.03694,DTW,42.20911,-83.356346,ATL,33.640545,-84.43341,257,1,5.82
590,Delta,CHS,32.885193,-80.03694,DTW,42.20911,-83.356346,ATL,33.640545,-84.43341,257,1,6.15
591,Delta,CHS,32.885193,-80.03694,DTW,42.20911,-83.356346,ATL,33.640545,-84.43341,257,1,7.03
592,American Airlines,CHS,32.885193,-80.03694,DTW,42.20911,-83.356346,DFW,32.899193,-97.04005,311,1,9.22
593,American Airlines,CHS,32.885193,-80.03694,DTW,42.20911,-83.356346,CLT,35.220448,-80.94377,317,1,3.63
594,American Airlines,CHS,32.885193,-80.03694,DTW,42.20911,-83.356346,PHL,39.87616,-75.242836,318,1,6.0
595,American Airlines,CHS,32.885193,-80.03694,DTW,42.20911,-83.356346,CLT,35.220448,-80.94377,352,1,3.85
596,American Airlines,CHS,32.885193,-80.03694,DTW,42.20911,-83.356346,CLT,35.220448,-80.94377,352,1,5.35
597,JetBlue Airways,CHS,32.885193,-80.03694,DTW,42.20911,-83.356346,BOS,42.36514,-71.01889,366,1,5.25
598,United,CHS,32.885193,-80.03694,DTW,42.20911,-83.356346,IAD,38.95216,-77.44883,369,1,3.73
599,United,CHS,32.885193,-80.03694,DTW,42.20911,-83.356346,IAD,38.95216,-77.44883,369,1,3.73
600,United,CHS,32.885193,-80.03694,DTW,42.20911,-83.356346,IAD,38.95216,-77.44883,369,1,3.95
601,United,CHS,32.885193,-80.03694,DTW,42.20911,-83.356346,ORD,41.97707,-87.901184,378,1,7.43
602,Delta,CHS,32.885193,-80.03694,DTW,42.20911,-83.356346,ZZZ,40,-100,389,0,2.12
603,United,CHS,32.885193,-80.03694,DTW,42.20911,-83.356346,EWR,40.69297,-74.17799,391,1,6.98
604,United,CHS,32.885193,-80.03694,DTW,42.20911,-83.356346,IAD,38.95216,-77.44883,397,1,4.23
605,Delta,CHS,32.885193,-80.03694,DTW,42.20911,-83.356346,ATL,33.640545,-84.43341,397,1,4.37
606,Delta,CHS,32.885193,-80.03694,DTW,42.20911,-83.356346,ATL,33.640545,-84.43341,397,1,4.47
607,United,CHS,32.885193,-80.03694,DTW,42.20911,-83.356346,EWR,40.69297,-74.17799,397,1,5.07
608,United,CHS,32.885193,-80.03694,DTW,42.20911,-83.356346,ORD,41.97707,-87.901184,397,1,5.23
609,United,CHS,32.885193,-80.03694,DTW,42.20911,-83.356346,EWR,40.69297,-74.17799,397,1,5.73
610,Delta,CHS,32.885193,-80.03694,DTW,42.20911,-83.356346,ATL,33.640545,-84.43341,397,1,6.2
611,United,CHS,32.885193,-80.03694,DTW,42.20911,-83.356346,EWR,40.69297,-74.17799,397,1,6.95
612,Delta,CHS,32.885193,-80.03694,DTW,42.20911,-83.356346,ATL,33.640545,-84.43341,397,1,7.07
613,American Airlines,CHS,32.885193,-80.03694,DTW,42.20911,-83.356346,CLT,35.220448,-80.94377,476,1,4.33
614,Delta,CHS,32.885193,-80.03694,DTW,42.20911,-83.356346,ATL,33.640545,-84.43341,478,1,4.33
615,Delta,CHS,32.885193,-80.03694,DTW,42.20911,-83.356346,ATL,33.640545,-84.43341,478,1,4.52
616,Delta,CHS,32.885193,-80.03694,DTW,42.20911,-83.356346,ATL,33.640545,-84.43341,478,1,4.57
617,Delta,CHS,32.885193,-80.03694,DTW,42.20911,-83.356346,ATL,33.640545,-84.43341,478,1,5.07
618,Delta,CHS,32.885193,-80.03694,DTW,42.20911,-83.356346,LGA,40.77289,-73.868805,478,1,5.28
619,Delta,CHS,32.885193,-80.03694,DTW,42.20911,-83.356346,JFK,40.645123,-73.78461,478,1,5.32
620,Delta,CHS,32.885193,-80.03694,DTW,42.20911,-83.356346,ATL,33.640545,-84.43341,478,1,5.33
621,Delta,CHS,32.885193,-80.03694,DTW,42.20911,-83.356346,ATL,33.640545,-84.43341,478,1,5.38
622,Delta,CHS,32.885193,-80.03694,DTW,42.20911,-83.356346,ATL,33.640545,-84.43341,478,1,5.58
623,Delta,CHS,32.885193,-80.03694,DTW,42.20911,-83.356346,ATL,33.640545,-84.43341,478,1,5.77
624,American Airlines,CHS,32.885193,-80.03694,DTW,42.20911,-83.356346,PHL,39.87616,-75.242836,478,1,5.88
625,Delta,CHS,32.885193,-80.03694,DTW,42.20911,-83.356346,ATL,33.640545,-84.43341,478,1,6.33
626,Delta,CHS,32.885193,-80.03694,DTW,42.20911,-83.356346,LGA,40.77289,-73.868805,478,1,7.22
627,JetBlue Airways,CHS,32.885193,-80.03694,DTW,42.20911,-83.356346,BOS,42.36514,-71.01889,500,1,5.4
628,Delta,CHS,32.885193,-80.03694,LAX,33.943325,-118.4056,ATL,33.640545,-84.43341,239,1,6.67
629,Delta,CHS,32.885193,-80.03694,LAX,33.943325,-118.4056,ATL,33.640545,-84.43341,239,1,6.85
630,Delta,CHS,32.885193,-80.03694,LAX,33.943325,-118.4056,ATL,33.640545,-84.43341,239,1,6.95
631,Delta,CHS,32.885193,-80.03694,LAX,33.943325,-118.4056,ATL,33.640545,-84.43341,239,1,7.85
632,Delta,CHS,32.885193,-80.03694,LAX,33.943325,-118.4056,ATL,33.640545,-84.43341,239,1,9.0
633,Frontier Airlines,CHS,32.885193,-80.03694,LAX,33.943325,-118.4056,DEN,39.84973,-104.67398,307,1,7.25
634,JetBlue Airways,CHS,32.885193,-80.03694,LAX,33.943325,-118.4056,JFK,40.645123,-73.78461,332,1,15.75
635,United,CHS,32.885193,-80.03694,LAX,33.943325,-118.4056,IAD,38.95216,-77.44883,333,1,8.08
636,JetBlue Airways,CHS,32.885193,-80.03694,LAX,33.943325,-118.4056,JFK,40.645123,-73.78461,346,1,9.32
637,Delta,CHS,32.885193,-80.03694,LAX,33.943325,-118.4056,ATL,33.640545,-84.43341,350,1,6.7
638,Delta,CHS,32.885193,-80.03694,LAX,33.943325,-118.4056,ATL,33.640545,-84.43341,350,1,6.87
639,Delta,CHS,32.885193,-80.03694,LAX,33.943325,-118.4056,ATL,33.640545,-84.43341,350,1,7.0
640,Delta,CHS,32.885193,-80.03694,LAX,33.943325,-118.4056,ATL,33.640545,-84.43341,350,1,7.33
641,Delta,CHS,32.885193,-80.03694,LAX,33.943325,-118.4056,ATL,33.640545,-84.43341,350,1,7.43
642,Delta,CHS,32.885193,-80.03694,LAX,33.943325,-118.4056,ATL,33.640545,-84.43341,350,1,7.58
643,Delta,CHS,32.885193,-80.03694,LAX,33.943325,-118.4056,ATL,33.640545,-84.43341,350,1,7.83
644,Delta,CHS,32.885193,-80.03694,LAX,33.943325,-118.4056,ATL,33.640545,-84.43341,350,1,8.0
645,Delta,CHS,32.885193,-80.03694,LAX,33.943325,-118.4056,DTW,42.20911,-83.356346,350,1,8.08
646,Delta,CHS,32.885193,-80.03694,LAX,33.943325,-118.4056,ATL,33.640545,-84.43341,350,1,8.17
647,Delta,CHS,32.885193,-80.03694,LAX,33.943325,-118.4056,ATL,33.640545,-84.43341,350,1,8.33
648,Delta,CHS,32.885193,-80.03694,LAX,33.943325,-118.4056,ATL,33.640545,-84.43341,350,1,8.38
649,Delta,CHS,32.885193,-80.03694,LAX,33.943325,-118.4056,ATL,33.640545,-84.43341,350,1,8.47
650,Delta,CHS,32.885193,-80.03694,LAX,33.943325,-118.4056,JFK,40.645123,-73.78461,350,1,8.73
651,Delta,CHS,32.885193,-80.03694,LAX,33.943325,-118.4056,ATL,33.640545,-84.43341,350,1,8.83
652,Delta,CHS,32.885193,-80.03694,LAX,33.943325,-118.4056,ATL,33.640545,-84.43341,350,1,8.9
653,Delta,CHS,32.885193,-80.03694,LAX,33.943325,-118.4056,ATL,33.640545,-84.43341,350,1,9.17
654,Delta,CHS,32.885193,-80.03694,LAX,33.943325,-118.4056,JFK,40.645123,-73.78461,350,1,9.27
655,Delta,CHS,32.885193,-80.03694,LAX,33.943325,-118.4056,ATL,33.640545,-84.43341,350,1,9.33
656,Delta,CHS,32.885193,-80.03694,LAX,33.943325,-118.4056,JFK,40.645123,-73.78461,350,1,9.42
657,Delta,CHS,32.885193,-80.03694,LAX,33.943325,-118.4056,ATL,33.640545,-84.43341,350,1,9.47
658,Delta,CHS,32.885193,-80.03694,LAX,33.943325,-118.4056,ATL,33.640545,-84.43341,350,1,9.52
659,Delta,CHS,32.885193,-80.03694,LAX,33.943325,-118.4056,ATL,33.640545,-84.43341,350,1,9.98
660,Delta,CHS,32.885193,-80.03694,LAX,33.943325,-118.4056,ATL,33.640545,-84.43341,350,1,9.98
661,Delta,CHS,32.885193,-80.03694,LAX,33.943325,-118.4056,DTW,42.20911,-83.356346,350,1,10.57
662,Delta,CHS,32.885193,-80.03694,LAX,33.943325,-118.4056,JFK,40.645123,-73.78461,350,1,10.58
663,Delta,CHS,32.885193,-80.03694,LAX,33.943325,-118.4056,JFK,40.645123,-73.78461,350,1,11.33
664,JetBlue Airways,CHS,32.885193,-80.03694,LAX,33.943325,-118.4056,FLL,26.072435,-80.1436,373,1,9.05
665,United,CHS,32.885193,-80.03694,LAX,33.943325,-118.4056,IAD,38.95216,-77.44883,390,1,7.73
666,United,CHS,32.885193,-80.03694,LAX,33.943325,-118.4056,ORD,41.97707,-87.901184,390,1,8.93
667,United,CHS,32.885193,-80.03694,LAX,33.943325,-118.4056,IAD,38.95216,-77.44883,390,1,9.23
668,JetBlue Airways,CHS,32.885193,-80.03694,LAX,33.943325,-118.4056,JFK,40.645123,-73.78461,416,1,9.3
669,JetBlue Airways,CHS,32.885193,-80.03694,LAX,33.943325,-118.4056,JFK,40.645123,-73.78461,422,1,15.7
670,American Airlines,CHS,32.885193,-80.03694,LAX,33.943325,-118.4056,CLT,35.220448,-80.94377,427,1,7.58
671,American Airlines,CHS,32.885193,-80.03694,LAX,33.943325,-118.4056,CLT,35.220448,-80.94377,427,1,7.63
672,American Airlines,CHS,32.885193,-80.03694,LAX,33.943325,-118.4056,CLT,35.220448,-80.94377,427,1,7.78
673,American Airlines,CHS,32.885193,-80.03694,LAX,33.943325,-118.4056,CLT,35.220448,-80.94377,427,1,7.98
674,American Airlines,CHS,32.885193,-80.03694,LAX,33.943325,-118.4056,CLT,35.220448,-80.94377,427,1,8.47
675,American Airlines,CHS,32.885193,-80.03694,LAX,33.943325,-118.4056,CLT,35.220448,-80.94377,427,1,9.2
676,American Airlines,CHS,32.885193,-80.03694,LAX,33.943325,-118.4056,CLT,35.220448,-80.94377,427,1,9.28
677,American Airlines,CHS,32.885193,-80.03694,LAX,33.943325,-118.4056,CLT,35.220448,-80.94377,427,1,9.82
678,American Airlines,CHS,32.885193,-80.03694,LAX,33.943325,-118.4056,CLT,35.220448,-80.94377,427,1,10.05
679,United,CHS,32.885193,-80.03694,LAX,33.943325,-118.4056,IAH,29.9872,-95.34774,428,1,7.33
680,United,CHS,32.885193,-80.03694,LAX,33.943325,-118.4056,ORD,41.97707,-87.901184,450,1,8.27
681,United,CHS,32.885193,-80.03694,LAX,33.943325,-118.4056,ORD,41.97707,-87.901184,450,1,8.27
682,United,CHS,32.885193,-80.03694,LAX,33.943325,-118.4056,EWR,40.69297,-74.17799,479,1,9.58
683,United,CHS,32.885193,-80.03694,LAX,33.943325,-118.4056,EWR,40.69297,-74.17799,479,1,10.58
684,United,CHS,32.885193,-80.03694,LAX,33.943325,-118.4056,IAD,38.95216,-77.44883,481,1,8.38
685,Frontier Airlines,CHS,32.885193,-80.03694,SEA,47.44359,-122.302505,DEN,39.84973,-104.67398,293,1,7.63
686,Delta,CHS,32.885193,-80.03694,SEA,47.44359,-122.302505,ATL,33.640545,-84.43341,350,1,8.62
687,United,CHS,32.885193,-80.03694,SEA,47.44359,-122.302505,IAH,29.9872,-95.34774,350,1,8.82
688,Delta,CHS,32.885193,-80.03694,SEA,47.44359,-122.302505,ATL,33.640545,-84.43341,350,1,9.83
689,American Airlines,CHS,32.885193,-80.03694,SEA,47.44359,-122.302505,DFW,32.899193,-97.04005,350,1,10.53
690,American Airlines,CHS,32.885193,-80.03694,SEA,47.44359,-122.302505,DFW,32.899193,-97.04005,374,1,9.32
691,American Airlines,CHS,32.885193,-80.03694,SEA,47.44359,-122.302505,CLT,35.220448,-80.94377,378,1,7.52
692,American Airlines,CHS,32.885193,-80.03694,SEA,47.44359,-122.302505,DFW,32.899193,-97.04005,379,1,8.4
693,American Airlines,CHS,32.885193,-80.03694,SEA,47.44359,-122.302505,MIA,25.795565,-80.27813,379,1,12.3
694,Delta,CHS,32.885193,-80.03694,SEA,47.44359,-122.302505,ATL,33.640545,-84.43341,390,1,7.35
695,Delta,CHS,32.885193,-80.03694,SEA,47.44359,-122.302505,ATL,33.640545,-84.43341,390,1,7.48
696,Delta,CHS,32.885193,-80.03694,SEA,47.44359,-122.302505,ATL,33.640545,-84.43341,390,1,8.23
697,Delta,CHS,32.885193,-80.03694,SEA,47.44359,-122.302505,ATL,33.640545,-84.43341,390,1,8.48
698,United,CHS,32.885193,-80.03694,SEA,47.44359,-122.302505,ORD,41.97707,-87.901184,390,1,8.65
699,Delta,CHS,32.885193,-80.03694,SEA,47.44359,-122.302505,ATL,33.640545,-84.43341,390,1,8.95
700,Delta,CHS,32.885193,-80.03694,SEA,47.44359,-122.302505,ATL,33.640545,-84.43341,390,1,9.02
701,Delta,CHS,32.885193,-80.03694,SEA,47.44359,-122.302505,ATL,33.640545,-84.43341,390,1,9.48
702,Delta,CHS,32.885193,-80.03694,SEA,47.44359,-122.302505,ATL,33.640545,-84.43341,390,1,9.95
703,Delta,CHS,32.885193,-80.03694,SEA,47.44359,-122.302505,ATL,33.640545,-84.43341,390,1,10.27
704,JetBlue Airways,CHS,32.885193,-80.03694,SEA,47.44359,-122.302505,JFK,40.645123,-73.78461,443,1,14.55
705,American Airlines,CHS,32.885193,-80.03694,SEA,47.44359,-122.302505,DFW,32.899193,-97.04005,465,1,8.53
706,United,CHS,32.885193,-80.03694,SEA,47.44359,-122.302505,IAD,38.95216,-77.44883,475,1,7.82
707,United,CHS,32.885193,-80.03694,SEA,47.44359,-122.302505,IAD,38.95216,-77.44883,475,1,8.4
708,Alaska Airlines,CHS,32.885193,-80.03694,SEA,47.44359,-122.302505,ZZZ,40,-100,499,0,5.92
709,United,CHS,32.885193,-80.03694,SEA,47.44359,-122.302505,IAD,38.95216,-77.44883,507,1,8.23
710,United,CHS,32.885193,-80.03694,SEA,47.44359,-122.302505,ORD,41.97707,-87.901184,507,1,8.48
711,United,CHS,32.885193,-80.03694,SEA,47.44359,-122.302505,IAH,29.9872,-95.34774,507,1,8.82
712,United,CHS,32.885193,-80.03694,SEA,47.44359,-122.302505,IAH,29.9872,-95.34774,507,1,8.9
713,Delta,CHS,32.885193,-80.03694,SEA,47.44359,-122.302505,ATL,33.640545,-84.43341,529,1,7.52
714,Delta,CHS,32.885193,-80.03694,SEA,47.44359,-122.302505,ATL,33.640545,-84.43341,529,1,9.2
715,Delta,CHS,32.885193,-80.03694,SEA,47.44359,-122.302505,DTW,42.20911,-83.356346,529,1,10.02
716,American Airlines,CHS,32.885193,-80.03694,SEA,47.44359,-122.302505,CLT,35.220448,-80.94377,535,1,7.85
717,American Airlines,CHS,32.885193,-80.03694,SEA,47.44359,-122.302505,CLT,35.220448,-80.94377,535,1,8.17
718,American Airlines,CHS,32.885193,-80.03694,SEA,47.44359,-122.302505,CLT,35.220448,-80.94377,535,1,9.78
719,JetBlue Airways,CHS,32.885193,-80.03694,SEA,47.44359,-122.302505,JFK,40.645123,-73.78461,563,1,12.78
720,JetBlue Airways,CHS,32.885193,-80.03694,SEA,47.44359,-122.302505,BOS,42.36514,-71.01889,604,1,11.6
721,JetBlue Airways,CHS,32.885193,-80.03694,SEA,47.44359,-122.302505,BOS,42.36514,-71.01889,610,1,12.9
722,American Airlines,CHS,32.885193,-80.03694,BOS,42.36514,-71.01889,PHL,39.87616,-75.242836,163,1,5.63
723,American Airlines,CHS,32.885193,-80.03694,BOS,42.36514,-71.01889,CLT,35.220448,-80.94377,206,1,5.15
724,American Airlines,CHS,32.885193,-80.03694,BOS,42.36514,-71.01889,DCA,38.853664,-77.0426,207,1,3.62
725,United,CHS,32.885193,-80.03694,BOS,42.36514,-71.01889,IAD,38.95216,-77.44883,207,1,4.35
726,JetBlue Airways,CHS,32.885193,-80.03694,BOS,42.36514,-71.01889,ZZZ,40,-100,232,0,2.23
727,JetBlue Airways,CHS,32.885193,-80.03694,BOS,42.36514,-71.01889,ZZZ,40,-100,232,0,2.3
728,JetBlue Airways,CHS,32.885193,-80.03694,BOS,42.36514,-71.01889,JFK,40.645123,-73.78461,236,1,10.93
729,JetBlue Airways,CHS,32.885193,-80.03694,BOS,42.36514,-71.01889,DCA,38.853664,-77.0426,241,1,3.48
730,JetBlue Airways,CHS,32.885193,-80.03694,BOS,42.36514,-71.01889,DCA,38.853664,-77.0426,241,1,6.52
731,JetBlue Airways,CHS,32.885193,-80.03694,BOS,42.36514,-71.01889,JFK,40.645123,-73.78461,243,1,4.27
732,American Airlines,CHS,32.885193,-80.03694,BOS,42.36514,-71.01889,CLT,35.220448,-80.94377,256,1,4.37
733,American Airlines,CHS,32.885193,-80.03694,BOS,42.36514,-71.01889,CLT,35.220448,-80.94377,256,1,6.2
734,American Airlines,CHS,32.885193,-80.03694,BOS,42.36514,-71.01889,CLT,35.220448,-80.94377,256,1,6.85
735,Delta,CHS,32.885193,-80.03694,BOS,42.36514,-71.01889,ATL,33.640545,-84.43341,257,1,4.48
736,American Airlines,CHS,32.885193,-80.03694,BOS,42.36514,-71.01889,PHL,39.87616,-75.242836,257,1,5.0
737,Delta,CHS,32.885193,-80.03694,BOS,42.36514,-71.01889,ATL,33.640545,-84.43341,257,1,5.85
738,Delta,CHS,32.885193,-80.03694,BOS,42.36514,-71.01889,ATL,33.640545,-84.43341,257,1,5.9
739,JetBlue Airways,CHS,32.885193,-80.03694,BOS,42.36514,-71.01889,DCA,38.853664,-77.0426,259,1,7.77
740,JetBlue Airways,CHS,32.885193,-80.03694,BOS,42.36514,-71.01889,DCA,38.853664,-77.0426,268,1,7.07
741,American Airlines,CHS,32.885193,-80.03694,BOS,42.36514,-71.01889,DCA,38.853664,-77.0426,299,1,4.8
742,JetBlue Airways,CHS,32.885193,-80.03694,BOS,42.36514,-71.01889,ZZZ,40,-100,299,0,2.37
743,United,CHS,32.885193,-80.03694,BOS,42.36514,-71.01889,IAD,38.95216,-77.44883,307,1,3.83
744,United,CHS,32.885193,-80.03694,BOS,42.36514,-71.01889,IAD,38.95216,-77.44883,307,1,4.02
745,American Airlines,CHS,32.885193,-80.03694,BOS,42.36514,-71.01889,CLT,35.220448,-80.94377,326,1,4.08
746,American Airlines,CHS,32.885193,-80.03694,BOS,42.36514,-71.01889,CLT,35.220448,-80.94377,326,1,4.3
747,American Airlines,CHS,32.885193,-80.03694,BOS,42.36514,-71.01889,CLT,35.220448,-80.94377,326,1,4.4
748,American Airlines,CHS,32.885193,-80.03694,BOS,42.36514,-71.01889,CLT,35.220448,-80.94377,326,1,4.6
749,American Airlines,CHS,32.885193,-80.03694,BOS,42.36514,-71.01889,PHL,39.87616,-75.242836,327,1,4.45
750,American Airlines,CHS,32.885193,-80.03694,BOS,42.36514,-71.01889,PHL,39.87616,-75.242836,327,1,4.7
751,Delta,CHS,32.885193,-80.03694,BOS,42.36514,-71.01889,ZZZ,40,-100,337,0,2.48
752,United,CHS,32.885193,-80.03694,BOS,42.36514,-71.01889,IAD,38.95216,-77.44883,345,1,3.77
753,United,CHS,32.885193,-80.03694,BOS,42.36514,-71.01889,EWR,40.69297,-74.17799,345,1,4.17
754,United,CHS,32.885193,-80.03694,BOS,42.36514,-71.01889,EWR,40.69297,-74.17799,345,1,4.48
755,Delta,CHS,32.885193,-80.03694,BOS,42.36514,-71.01889,ATL,33.640545,-84.43341,345,1,4.75
756,Delta,CHS,32.885193,-80.03694,BOS,42.36514,-71.01889,LGA,40.77289,-73.868805,345,1,4.82
757,Delta,CHS,32.885193,-80.03694,BOS,42.36514,-71.01889,LGA,40.77289,-73.868805,345,1,4.82
758,Delta,CHS,32.885193,-80.03694,BOS,42.36514,-71.01889,JFK,40.645123,-73.78461,345,1,5.3
759,Delta,CHS,32.885193,-80.03694,BOS,42.36514,-71.01889,JFK,40.645123,-73.78461,345,1,5.52
760,United,CHS,32.885193,-80.03694,BOS,42.36514,-71.01889,EWR,40.69297,-74.17799,345,1,6.13
761,United,CHS,32.885193,-80.03694,BOS,42.36514,-71.01889,ORD,41.97707,-87.901184,345,1,6.18
762,United,CHS,32.885193,-80.03694,BOS,42.36514,-71.01889,EWR,40.69297,-74.17799,345,1,6.73
763,Delta,CHS,32.885193,-80.03694,BOS,42.36514,-71.01889,LGA,40.77289,-73.868805,345,1,6.9
764,United,CHS,32.885193,-80.03694,BOS,42.36514,-71.01889,EWR,40.69297,-74.17799,365,1,7.98
765,United,CHS,32.885193,-80.03694,BOS,42.36514,-71.01889,EWR,40.69297,-74.17799,365,1,8.73
766,United,CHS,32.885193,-80.03694,BOS,42.36514,-71.01889,EWR,40.69297,-74.17799,365,1,10.15
767,United,CHS,32.885193,-80.03694,BOS,42.36514,-71.01889,EWR,40.69297,-74.17799,365,1,11.07
768,American Airlines,CHS,32.885193,-80.03694,BOS,42.36514,-71.01889,DCA,38.853664,-77.0426,373,1,3.95
769,United,CHS,32.885193,-80.03694,BOS,42.36514,-71.01889,IAD,38.95216,-77.44883,377,1,8.25
770,Delta,CHS,32.885193,-80.03694,BOS,42.36514,-71.01889,ATL,33.640545,-84.43341,395,1,6.48
771,Delta,CHS,32.885193,-80.03694,BOS,42.36514,-71.01889,ATL,33.640545,-84.43341,395,1,7.57
772,United,CHS,32.885193,-80.03694,BOS,42.36514,-71.01889,EWR,40.69297,-74.17799,444,1,8.9
773,American Airlines,CHS,32.885193,-80.03694,BOS,42.36514,-71.01889,CLT,35.220448,-80.94377,452,1,4.58
774,American Airlines,CHS,32.885193,-80.03694,BOS,42.36514,-71.01889,CLT,35.220448,-80.94377,452,1,5.4
775,American Airlines,CHS,32.885193,-80.03694,BOS,42.36514,-71.01889,CLT,35.220448,-80.94377,452,1,6.28
776,Delta,CHS,32.885193,-80.03694,BOS,42.36514,-71.01889,ATL,33.640545,-84.43341,453,1,4.88
777,Delta,CHS,32.885193,-80.03694,BOS,42.36514,-71.01889,ATL,33.640545,-84.43341,453,1,5.05
778,Delta,CHS,32.885193,-80.03694,BOS,42.36514,-71.01889,ATL,33.640545,-84.43341,453,1,5.97
779,Delta,CHS,32.885193,-80.03694,BOS,42.36514,-71.01889,ATL,33.640545,-84.43341,455,1,9.62
780,Delta,CHS,32.885193,-80.03694,BOS,42.36514,-71.01889,ATL,33.640545,-84.43341,485,1,8.02
781,Delta,CHS,32.885193,-80.03694,BOS,42.36514,-71.01889,ATL,33.640545,-84.43341,585,1,8.53
782,Delta,CHS,32.885193,-80.03694,BOS,42.36514,-71.01889,ATL,33.640545,-84.43341,585,1,8.57
783,Delta,CHS,32.885193,-80.03694,BOS,42.36514,-71.01889,ATL,33.640545,-84.43341,600,1,5.08
784,Delta,CHS,32.885193,-80.03694,BOS,42.36514,-71.01889,ATL,33.640545,-84.43341,600,1,6.33
785,Delta,CHS,32.885193,-80.03694,BOS,42.36514,-71.01889,ATL,33.640545,-84.43341,600,1,6.93
786,Delta,CHS,32.885193,-80.03694,BOS,42.36514,-71.01889,ATL,33.640545,-84.43341,600,1,7.32
787,Delta,CHS,32.885193,-80.03694,BOS,42.36514,-71.01889,JFK,40.645123,-73.78461,640,1,9.87
